Date,User,Message
2020-09-05 14:48:38,"0901 개불","사진"
2020-09-05 14:48:56,"지윤","차 색상 예쁘네"
2020-09-05 14:48:57,"지윤","ㅋㅋㅋㅋ"
2020-09-05 14:49:23,"Mormon Buddhist 🧎🏻‍♀","캬 포르쉐 차주님"
2020-09-05 14:52:58,"0414 불돗개 🐕","ㅋㅋㅋㅋㅋㅋㅋㅋ오"
2020-09-05 14:53:15,"0414 불돗개 🐕","포르쉐 품절나서 페라리로 받았대"
2020-09-05 14:53:20,"0414 불돗개 🐕","구동 됨?"
2020-09-05 14:53:36,"Mormon Buddhist 🧎🏻‍♀","아 그렇네 저건 페라리구나"
2020-09-05 14:53:42,"Mormon Buddhist 🧎🏻‍♀","ㅋㅋㅋㅋㅋㅋㅋㅋㅋㅋㅋㅋㅋㅋㅋㅋㅋ"
2020-09-05 14:53:47,"Mormon Buddhist 🧎🏻‍♀","워너비에요 차차님"
2020-09-05 14:54:10,"0414 불돗개 🐕","미린아"
2020-09-05 14:54:16,"0414 불돗개 🐕","그래서 샌드위치야 핫도그야"
2020-09-05 14:54:51,"0414 불돗개 🐕","아까 인스타에서 본거같은데"
2020-09-05 14:54:56,"0414 불돗개 🐕","꿈꿨나 내가"
2020-09-05 15:03:08,"0901 개불","나갈일이 있어서 일단 언박싱만 했슴다"
2020-09-05 15:29:06,"0414 불돗개 🐕","여러분의 애플워치는 뭐여요?"
2020-09-05 15:29:30,"0901 개불","애플워치?"
2020-09-05 15:29:33,"0901 개불","기종?"
2020-09-05 15:33:54,"0414 불돗개 🐕","ㅇㅇ"
2020-09-05 15:35:29,"1021 애플하수인📲","나는 옛날꼬야"
2020-09-05 15:35:33,"1021 애플하수인📲","시리즈2일걸"
2020-09-05 15:35:36,"1021 애플하수인📲","아직 쓸만함"
2020-09-05 15:37:21,"0901 개불","나는 4 gps 모델"
2020-09-05 15:37:56,"0414 불돗개 🐕","지금 애플사이트에서 파는게 3하고 5 보이는데 가격차이 덜덜이네"
2020-09-05 15:41:40,"0901 개불","신품 살거면 3사도 전혀 상관없음"
2020-09-05 15:41:53,"0901 개불","디자인차이랑 페이스등에서 차이는 좀 있을수있는데"
2020-09-05 15:42:02,"0901 개불","그 가격차이만큼은 아닌거같음"
2020-09-05 15:45:11,"0414 불돗개 🐕","러닝을 내가 이렇게 4개월가까이 꾸준히하게될줄 몰라서 안샀는데"
2020-09-05 15:45:14,"0414 불돗개 🐕","사야겠어"
2020-09-05 15:51:22,"Mormon Buddhist 🧎🏻‍♀","아 그거 미국인들의 무쓸모 논쟁중에 하나인데 빵 두개 사이에 재료가 있는걸 샌드위치라고 부르면 핫도그도 샌드위치라고 불러야 하는거 아니냐는...."
2020-09-05 15:51:26,"Mormon Buddhist 🧎🏻‍♀","그런 찬반논쟁이야...."
2020-09-05 15:51:35,"Mormon Buddhist 🧎🏻‍♀","옛날에 몰몬교 애들도 나한테 엄청 물어봤던........"
2020-09-05 15:51:36,"Mormon Buddhist 🧎🏻‍♀","ㅋㅋㅋㅋㅋㅋㅋㅋㅋㅋㅋㅋㅋㅋㅋㅋ"
2020-09-05 15:51:57,"Mormon Buddhist 🧎🏻‍♀","그래서 한국인은 그딴거 관심없고 맛있으면 그만이다 바빠서 입에 집어넣고 일하러간다고 했더니"
2020-09-05 15:52:10,"Mormon Buddhist 🧎🏻‍♀","시무룩해져서 친구들한테 인스타 스토리로 물어보라고 해서 올려줌....후"
2020-09-05 15:52:41,"Mormon Buddhist 🧎🏻‍♀","한국인들은 놀라울만큼 아무도 그 질문에 관심없었다.....외국인들만ㅋㅋㅋㅋㅋㅋㅋㅋㅋㅋㅋ"
2020-09-05 15:52:42,"1021 애플하수인📲","세계 이케아에서"
2020-09-05 15:52:46,"1021 애플하수인📲","저거 다 핫도그로 파니까"
2020-09-05 15:52:50,"1021 애플하수인📲","핫도그입니다!!!!"
2020-09-05 15:53:06,"Mormon Buddhist 🧎🏻‍♀","이케아 국룰썰"
2020-09-05 15:53:08,"Mormon Buddhist 🧎🏻‍♀","ㅋㅋㅋㅋㅋㅋㅋㅋㅋㅋㅋㅋㅋㅋㅋㅋ"
2020-09-05 15:53:11,"Mormon Buddhist 🧎🏻‍♀","다들 주말인데 뭐해요"
2020-09-05 15:53:23,"Mormon Buddhist 🧎🏻‍♀","여유로운 집콕라이프 즐기고 계신가요"
2020-09-05 15:53:39,"1021 애플하수인📲","이불밖은 위험합니다"
2020-09-05 16:19:54,"0414 불돗개 🐕","난 러닝 안하고 걷는쥬웅"
2020-09-06 20:27:44,"1021 애플하수인📲","사진"
2020-09-06 20:27:59,"1021 애플하수인📲","아는분이 그 레이더 보는곳에서 일하시는데 이거 올렸더라구"
2020-09-06 20:28:03,"1021 애플하수인📲","태풍 다들 조심여~"
2020-09-06 20:29:35,"0414 불돗개 🐕","헉뜨,,,,,,"
2020-09-06 20:29:44,"0414 불돗개 🐕","왜 데이터대로 말 안하지"
2020-09-06 20:30:27,"지윤","헐"
2020-09-06 21:32:21,"0414 불돗개 🐕","사진"
2020-09-06 21:32:26,"0414 불돗개 🐕","드립이 웃기네 ㅜㅜㅜㅜㅜ"
2020-09-06 21:32:53,"지윤","ㅋㅋㅋㅋㅋㅋㅋㅋㅋㅋㅋㅋㅋㅋㅋㅋ"
2020-09-06 21:33:26,"1021 애플하수인📲","ㅋㅋㅋㅋㅋㅋㅋㅋㅋㅋㅋㅋㅋㅋㅋ"
2020-09-06 21:53:48,"Mormon Buddhist 🧎🏻‍♀","구멍이 여러개지요ㅠ"
2020-09-06 21:53:49,"Mormon Buddhist 🧎🏻‍♀","ㅋㅋㅋㅋㅋㅋㅋㅋㅋㅋㅋㅋㅋㅋㅋㅋ"
2020-09-08 16:42:08,"0414 불돗개 🐕","사진"
2020-09-08 16:42:20,"0414 불돗개 🐕","광고주가 지내 내부에 보낸 메일을 사진으로 찍어서 보내준것의 일부인데"
2020-09-08 16:42:26,"0414 불돗개 🐕","밑에 뭐라고 한걸까"
2020-09-08 16:42:33,"0414 불돗개 🐕","대행사가 요즘 너무 ㅇㅇㅇ이라"
2020-09-08 16:42:35,"0414 불돗개 🐕","같은데?"
2020-09-08 16:47:38,"지윤","너무 까지밖에 모르게따"
2020-09-08 16:48:09,"0414 불돗개 🐕","갑질 변형기출 너무나도 다양해서"
2020-09-08 16:48:11,"0414 불돗개 🐕","매일매일이 새로워"
2020-09-08 16:48:20,"0414 불돗개 🐕","메일 몇자가 뭐그리 어려워서 저걸 찍어서 주는지"
2020-09-08 16:48:32,"0414 불돗개 🐕","게다가 찍을거면 아예 저거 안보이게 하든지"
2020-09-08 16:48:40,"0414 불돗개 🐕","일부러 저러는건지 참 노이해"
2020-09-08 16:48:54,"Mormon Buddhist 🧎🏻‍♀","어휴 진짜 가지가지..."
2020-09-08 16:58:46,"1021 애플하수인📲","ㅋㅋㅋㅋㅋ"
2020-09-08 16:58:50,"1021 애플하수인📲","알아맞춰보세요;"
2020-09-08 17:06:23,"0414 불돗개 🐕","사진"
2020-09-08 17:06:27,"0414 불돗개 🐕","이새낀 왜그러는걸까"
2020-09-08 17:09:41,"1021 애플하수인📲","사진"
2020-09-08 17:09:55,"0414 불돗개 🐕","ㅋㅋㅋㅋㅋㅋㅋㅋㅋㅋㅋㅋㅋㅋㅋㅋㅋㅋㅋㅋㅋㅋ정연티콘이네"
2020-09-08 17:12:12,"1021 애플하수인📲","사진"
2020-09-08 17:16:28,"0414 불돗개 🐕","이모티콘"
2020-09-08 17:16:36,"0414 불돗개 🐕","호의가 계속되면 안되겠어"
2020-09-08 17:16:44,"0414 불돗개 🐕","그냥 디폴트가 싸가지 없는 사람인게 나은듯"
2020-09-08 17:16:49,"Mormon Buddhist 🧎🏻‍♀","이모티콘"
2020-09-08 17:52:39,"0414 불돗개 🐕","ㅋㅋㅋㅋㅋㅋ"
2020-09-08 17:52:44,"0414 불돗개 🐕","다들 저녁메뉴는 무엇이신지요"
2020-09-08 17:54:21,"1021 애플하수인📲","저는 집반찬.. 허헣"
2020-09-08 17:55:19,"Mormon Buddhist 🧎🏻‍♀","저는 집에서 만든 닭갈비요 후후"
2020-09-08 17:58:11,"0414 불돗개 🐕","직접 맹그셨나요?!"
2020-09-08 17:59:15,"Mormon Buddhist 🧎🏻‍♀","사진 3장"
2020-09-08 17:59:16,"Mormon Buddhist 🧎🏻‍♀","요즘 집밥 김선생 찍고있어요"
2020-09-08 17:59:23,"Mormon Buddhist 🧎🏻‍♀","순대랑 깻잎 고구마 양배추 잔뜩 넣고"
2020-09-08 17:59:34,"Mormon Buddhist 🧎🏻‍♀","거하게 만들어봤어요"
2020-09-08 18:08:17,"0414 불돗개 🐕","이야아아"
2020-09-08 18:08:23,"0414 불돗개 🐕","순대까지 넣었네ㅔ"
2020-09-08 18:08:23,"0414 불돗개 🐕","이모티콘"
2020-09-10 16:06:56,"0414 불돗개 🐕","사진"
2020-09-10 16:08:45,"Mormon Buddhist 🧎🏻‍♀","무족권 3."
2020-09-10 16:11:40,"1021 애플하수인📲","1. 엽떡 잘 안먹음 / 2. 뿌링클 소스 요거트 ㅡㅡ / 3. 아…. 자격미달인데 / 4. 피자먹을때 물만 있어도 됨 / 5. 감자탕 안좋아함 / 6. 맛있는 돈까스는 원래 소스 없이 먹는 것 / 7. 막국수 오이 ㅡㅡ"
2020-09-10 16:11:42,"1021 애플하수인📲","무조건 3번"
2020-09-10 16:18:40,"0414 불돗개 🐕","ㅋㅋㅋㅋㅋㅋㅋㅋㅋㅋㅋㅋ"
2020-09-10 16:18:43,"0414 불돗개 🐕","이유가 합당하네"
2020-09-10 16:21:05,"1021 애플하수인📲","ㅋㅋㅋㅋㅋㅋㅋㅋㅋ"
2020-09-10 16:37:09,"Mormon Buddhist 🧎🏻‍♀","청년다방..."
2020-09-10 16:37:11,"Mormon Buddhist 🧎🏻‍♀","눈물나네요..."
2020-09-10 16:37:17,"Mormon Buddhist 🧎🏻‍♀","지윤이 생일때 먹고 안먹음......"
2020-09-10 16:37:20,"Mormon Buddhist 🧎🏻‍♀","ㅠㅠ"
2020-09-10 16:39:54,"1021 애플하수인📲","하"
2020-09-10 16:39:56,"1021 애플하수인📲","wjendh"
2020-09-10 16:39:58,"1021 애플하수인📲","저두요.."
2020-09-10 16:43:04,"0414 불돗개 🐕","저두요...."
2020-09-10 16:43:10,"0414 불돗개 🐕","청다에이드 한잔에"
2020-09-10 16:43:16,"0414 불돗개 🐕","감튀먹으며 떡볶이를 기다리는 상상"
2020-09-10 16:48:24,"1021 애플하수인📲","저거 소스가 존맡ㅇ인디"
2020-09-10 17:13:08,"0901 개불","4번"
2020-09-10 17:13:13,"0901 개불","청다 낙성대에 생김"
2020-09-10 17:13:34,"Mormon Buddhist 🧎🏻‍♀","떡세권이네..."
2020-09-10 17:13:37,"Mormon Buddhist 🧎🏻‍♀","역시 좋은동네..."
2020-09-10 17:13:57,"0901 개불","근데 떡 안좋아해서 자주안감ㅋㅋ"
2020-09-10 17:15:34,"1021 애플하수인📲","청다도 오뎅으로 떡을 바꿔달라!"
2020-09-10 17:16:56,"0901 개불","6번 개인정"
2020-09-10 17:17:19,"0901 개불","슈니첼 레몬만 뿌려먹었는데"
2020-09-10 17:17:22,"0901 개불","울면서먹음"
2020-09-10 17:17:41,"0901 개불","일본식돈까스는 진짜 맛있는거 소금찍어먹음 난"
2020-09-10 17:22:51,"0414 불돗개 🐕","ㅋㅋㅋㅋㅋㅋㅋㅋㅋ"
2020-09-10 17:22:55,"0414 불돗개 🐕","아 배고프다 먹는얘기하니까"
2020-09-10 17:22:59,"0414 불돗개 🐕","내잘못이궁"
2020-09-10 17:23:04,"1021 애플하수인📲","돼지고기도 최상급은"
2020-09-10 17:23:13,"1021 애플하수인📲","살짝 익혀서만 먹어도되는데 그걸로 돈까스 만든건"
2020-09-10 17:23:19,"1021 애플하수인📲","소스 안찍거아 소금만 살짝"
2020-09-10 17:23:20,"1021 애플하수인📲","하"
2020-09-10 17:23:21,"1021 애플하수인📲","개배고프다.."
2020-09-10 17:24:29,"0414 불돗개 🐕","퇴근 1시간반남음...."
2020-09-10 17:36:45,"0901 개불","샵검색: #합정 크레이지 카츠"
2020-09-10 17:36:51,"0901 개불","여기 내 인생돈까스집"
2020-09-10 17:36:53,"0901 개불","가보셈"
2020-09-10 17:40:31,"0414 불돗개 🐕","여기 정돈보다 맛나?"
2020-09-10 17:41:32,"1021 애플하수인📲","아 여기 얼지"
2020-09-10 17:41:33,"1021 애플하수인📲","알지"
2020-09-10 17:41:39,"1021 애플하수인📲","카츠샌드도 맛있음"
2020-09-10 17:41:42,"1021 애플하수인📲","여기꺼"
2020-09-10 17:42:07,"1021 애플하수인📲","사진"
2020-09-10 17:42:25,"0901 개불","내가 정돈을 안가봄ㅠ"
2020-09-10 17:42:57,"Mormon Buddhist 🧎🏻‍♀","외식 못한지 3주는 된듯...."
2020-09-10 17:43:13,"Mormon Buddhist 🧎🏻‍♀","ㅠ"
2020-09-10 17:55:55,"0414 불돗개 🐕","그런의미에서 다들 금일 저녁메뉴 공개해주세요"
2020-09-10 17:57:48,"Mormon Buddhist 🧎🏻‍♀","전 곱창이 너무 먹고싶은데"
2020-09-10 17:57:55,"Mormon Buddhist 🧎🏻‍♀","거리두기 단계 좀 더 낮아지면 가려구요......."
2020-09-10 17:57:56,"Mormon Buddhist 🧎🏻‍♀","ㅜㅜ"
2020-09-10 17:58:07,"Mormon Buddhist 🧎🏻‍♀","오늘은 수업 끝나고 그냥 집밥 먹을 예정...."
2020-09-10 17:58:18,"Mormon Buddhist 🧎🏻‍♀","닭발에 계란찜 매운족발 이런게 먹고싶네요 요즘은..."
2020-09-10 17:59:06,"0901 개불","집가는길에 시장들러서 뭐라도 사갈까 생각중"
2020-09-10 18:01:33,"0414 불돗개 🐕","아 맛있겠다 메뉴만 들어도..."
2020-09-10 18:01:44,"0414 불돗개 🐕","타락한 헬창 유튜브 봤어 다들?"
2020-09-10 18:01:55,"0414 불돗개 🐕","코로나때문에 헬스장 닫아서 유튜브로 먹는거 보여주는데"
2020-09-10 18:02:01,"0414 불돗개 🐕","너무 웃겨 ㅋㅋㅋㅋㅋ"
2020-09-10 18:02:12,"0414 불돗개 🐕","치즈볼 먹어보면서 아 이래서 다이어트를 못하는거구나 깨닫고 ㅋㅋㅋ"
2020-09-10 18:02:16,"0901 개불","들어만봄"
2020-09-10 18:02:24,"0901 개불","운동할때보다 사람들이 더 많이 본다고.."
2020-09-10 18:02:44,"Mormon Buddhist 🧎🏻‍♀","난 그사람 유투브 보면서 실제로 운동 몇번 했었는데"
2020-09-10 18:02:53,"Mormon Buddhist 🧎🏻‍♀","치즈볼 사정없이 먹으면서 행복해하는 모습보니"
2020-09-10 18:02:58,"Mormon Buddhist 🧎🏻‍♀","아 저사람도 결국 인간이었구나....."
2020-09-10 18:03:02,"Mormon Buddhist 🧎🏻‍♀","ㅋㅋㅋㅋㅋㅋㅋㅋㅋㅋㅋㅋㅋㅋㅋㅋㅋㅋㅋㅋㅋㅋ"
2020-09-10 18:03:17,"Mormon Buddhist 🧎🏻‍♀","그 분 폼롤러랑 지압 시리즈 완전 짱 시원하고 소리가 절로 나와...."
2020-09-10 18:06:28,"1021 애플하수인📲","ㅋㅋㅋㅋㅋㅋㅋㅋㅋㅋㅋㅋㅋㅋㅋㅋㅋㅋㅋㅋㅋㅋㅋㅋ"
2020-09-10 18:08:43,"0414 불돗개 🐕","ㅋㅋㅋㅋㅋㅋㅋ"
2020-09-10 18:08:51,"0414 불돗개 🐕","퇴근하면 집가서 밥먹고 러닝이나할까봐"
2020-09-10 18:13:50,"Mormon Buddhist 🧎🏻‍♀","그 분 어제는 마카롱 먹던데"
2020-09-10 18:13:53,"Mormon Buddhist 🧎🏻‍♀","표정은 이미"
2020-09-10 18:13:56,"Mormon Buddhist 🧎🏻‍♀","천국에 가있음"
2020-09-10 18:13:57,"Mormon Buddhist 🧎🏻‍♀","ㅋㅋㅋㅋㅋㅋㅋㅋㅋㅋㅋㅋㅋㅋㅋㅋ"
2020-09-10 18:23:56,"0414 불돗개 🐕","https://www.vible.co/ko"
2020-09-10 18:24:02,"0414 불돗개 🐕","와 이거 플랫폼 만든사람 머리 좋다"
2020-09-10 18:24:41,"Mormon Buddhist 🧎🏻‍♀","사진"
2020-09-10 18:24:47,"Mormon Buddhist 🧎🏻‍♀","ㅡ크롤 내리다가"
2020-09-10 18:24:49,"Mormon Buddhist 🧎🏻‍♀","ㅋㅋㅋㅋㅋㅋㅋㅋㅋㅋㅋㅋㅋㅋㅋㅋㅋㅋㅋㅋㅋㅋㅋ"
2020-09-10 18:24:52,"Mormon Buddhist 🧎🏻‍♀","역시"
2020-09-10 18:24:56,"Mormon Buddhist 🧎🏻‍♀","멘트부터"
2020-09-10 18:24:57,"Mormon Buddhist 🧎🏻‍♀","남달라"
2020-09-10 18:24:58,"0414 불돗개 🐕","유명한 사람 다 갖다놨어"
2020-09-10 18:24:59,"0414 불돗개 🐕","ㅋㅋㅋㅋㅋㅋㅋㅋㅋㅋㅋㅋㅋㅋ"
2020-09-10 18:25:29,"Mormon Buddhist 🧎🏻‍♀","약간 클래스 101 유명인사 버전"
2020-09-10 19:15:38,"1021 애플하수인📲","유노윤홐ㅋㅋㅋㅋㅋㅋㅋㅋ"
2020-09-11 20:16:47,"0414 불돗개 🐕","@0901 개불 형 내일 점심에 낙성대에 있어?"
2020-09-11 20:16:57,"0414 불돗개 🐕","나 서울대입구역에 당근거래하러 가는데"
2020-09-11 20:17:12,"0414 불돗개 🐕","우리 한달뒤 만나기 전 선물 미리 갖다줄까해서!"
2020-09-11 20:17:24,"0414 불돗개 🐕","만나는날 줘도 상관 없는데 놀때 편하려면!"
2020-09-11 20:21:48,"0901 개불","저 내일 부재중ㅠ"
2020-09-11 20:30:47,"0414 불돗개 🐕","ㅇㅋ ㅜ"
2020-09-11 20:30:52,"0414 불돗개 🐕","나 태블릿 거래해"
2020-09-11 20:30:57,"0414 불돗개 🐕","이히히히히"
2020-09-11 20:30:59,"0414 불돗개 🐕","이모티콘"
2020-09-11 20:31:37,"0901 개불","오"
2020-09-11 20:31:42,"0901 개불","사는건가여"
2020-09-11 20:35:51,"0414 불돗개 🐕","넵넵"
2020-09-11 20:36:02,"0414 불돗개 🐕","샵검색: #서피스 고2"
2020-09-11 20:36:17,"0414 불돗개 🐕","요거 사러갑니자"
2020-09-11 20:36:25,"0414 불돗개 🐕","태블릿인데 윈도우도는거!"
2020-09-11 20:38:20,"1021 애플하수인📲","흠"
2020-09-11 20:38:24,"1021 애플하수인📲","이미 구매해버린거야?"
2020-09-11 20:41:18,"0414 불돗개 🐕","ㄴㄴ"
2020-09-11 20:41:23,"0414 불돗개 🐕","내일 물건 보고 거래"
2020-09-11 20:41:41,"0414 불돗개 🐕","아이패드로 업무 못할듯"
2020-09-11 20:41:46,"1021 애플하수인📲","저것도 사실"
2020-09-11 20:41:51,"1021 애플하수인📲","별반 다르지않아서..."
2020-09-11 20:41:56,"1021 애플하수인📲","ㅋㅋㅋㅋㅋㅋㅋㅋㅋㅋㅋㅋㅋㅋㅋㅋㅋㅋ"
2020-09-11 20:42:03,"0414 불돗개 🐕","쟤는 대신 액티브x 되자나 ㅋㅋㅋㅋ"
2020-09-11 20:42:51,"0414 불돗개 🐕","파이썬이랑 GA 할 용도라"
2020-09-11 20:42:53,"1021 애플하수인📲","근데 저거 음.."
2020-09-11 20:42:55,"0414 불돗개 🐕","아이패드로는 못함 ㅠ"
2020-09-11 20:43:01,"1021 애플하수인📲","저거 써본 사람이 주변에 있긴해서"
2020-09-11 20:43:07,"1021 애플하수인📲","사놓고 노트북 들고다니는거 보면"
2020-09-11 20:43:44,"1021 애플하수인📲","윈도우가 좀 무겁게 돌아간다고하더라고"
2020-09-11 20:43:46,"0414 불돗개 🐕","쓰는 프로그램에 따라 다르지 않을까??"
2020-09-11 20:43:57,"0414 불돗개 🐕","어차피 그건 저 성능에 기대 안할듯.."
2020-09-11 20:44:06,"0414 불돗개 🐕","그리고 지금 내 상황이"
2020-09-11 20:44:16,"0414 불돗개 🐕","노트북을 따로 들고 다닐수가 없어서 저거 사는거 ㅇㅇ"
2020-09-11 20:44:26,"0414 불돗개 🐕","아빠가 노트북 쓰고있는데 뺏을수가 없다고 한다,,"
2020-09-11 20:45:02,"0414 불돗개 🐕","그림그릴것 아니어서 세심한 터치 필요 없기도 하고!"
2020-09-11 20:45:33,"1021 애플하수인📲","ㅇㅎ 그럼뭐 저거 사는게 최선이긴하지"
2020-09-11 20:45:36,"0414 불돗개 🐕","딱 30만원짜리 가벼운 윈도우10 인터넷 사용용으로 보면 될듯"
2020-09-11 20:45:42,"0414 불돗개 🐕","웅 그래서 중고로 사려고 ㅋㅋㅋㅋ"
2020-09-11 20:45:48,"1021 애플하수인📲","태블릿은 아이패드가 국룰이긴한데"
2020-09-11 20:45:56,"1021 애플하수인📲","윈도우 기능이 필요한거면"
2020-09-11 20:46:02,"1021 애플하수인📲","눈물을 머금고 현실과 타협해야지"
2020-09-11 20:46:17,"0414 불돗개 🐕","이모티콘"
2020-09-11 20:46:25,"0414 불돗개 🐕","아이패드 하나 살 돈으로"
2020-09-11 20:46:29,"0414 불돗개 🐕","걍 어쩔수없이 저거랑"
2020-09-11 20:46:33,"0414 불돗개 🐕","애플워치나 사려구 ㅋㅋㅋㅋ"
2020-09-11 20:48:55,"1021 애플하수인📲","합리적 소비다"
2020-09-11 20:48:56,"1021 애플하수인📲","ㅇㅈ"
2020-09-11 22:12:06,"0901 개불","https://m.blog.naver.com/cjwlckdwh77/222086507889"
2020-09-11 22:12:34,"0414 불돗개 🐕","오빠 고양이키우네"
2020-09-11 22:15:05,"0901 개불","설정 기발하네 진짜ㅋㅋ"
2020-09-11 22:50:34,"0414 불돗개 🐕","춘식이라는 고양이 유명한애 있는데"
2020-09-11 22:51:27,"0414 불돗개 🐕","사진"
2020-09-11 22:55:29,"지윤","어웈 귀여워"
2020-09-11 23:06:20,"1021 애플하수인📲","와"
2020-09-11 23:06:22,"1021 애플하수인📲","고양이도 나오네"
2020-09-13 18:12:16,"1021 애플하수인📲","디즈니"
2020-09-13 18:12:25,"1021 애플하수인📲","미국 의회한테 개털리고있네"
2020-09-13 18:12:42,"1021 애플하수인📲","미국 의회가 뮬란 실사화 영화의 위구르 탄압 정당화 논란과 관련하여 공식적인 답변을 요구한 서신. 
--
 
1. 월트 디즈니사는 신장위구르자치구에서 뮬란 촬영 중 중국 및 중국공산당 관리와 관련된 기타 협력뿐 아니라, 신장위구르자치구위원회선전부 및 투루판시공안국과 협력한 내용을 자세히 설명하십시오.
 
2. 뮬란 크레딧에서 언급된 ""투루판시공안국"", ""신장위구르자치구위원회선전부"" 및 다른 모든 중국과 중국공산당 단체의 명칭과 관련된 월트 디즈니사의 계약상 요구 사항이나 요청에 대해 설명하십시오.
 
3. 월트 디즈니사의 임원들과 고위 간부들은 뮬란 촬영과 동시에 발생한 중국과 중국공산당이 신장위구르자치구에서 위구르인들과 다른 무슬림 소수민족들을 상대로 대규모 감시와 구금 작전을 벌이고 있다는 보도를 어느 정도 인지하고 있었는지 설명하십시오. 만약 그들이 몰랐다면, 월트 디즈니사는 임원들과 고위 간부들이 향후 공개적으로 보도된 '대규모 감시'와 '구금'에 대한 것을 어떻게 알릴 것인가?
 
4. 제작 디자이너 그랜트 메이저에 따르면, 촬영이 시작되기 전 몇 달간 이 로케이션에 대한 조사가 이루어졌다고 하는데, 영화 제작진은 신장위구르자치구에서 위구르인들을 비롯한 무슬림 소수민족에 대해 벌어지는 '대규모 감시'와 '구금'을 어느 정도 인지하고 있었는지 설명하십시오. 왜 월트 디즈니사는 제 2차 세계대전 이후 민족-종교적 소수민족의 가장 큰 수용소라고 불리는 신장위구르자치구에 대한 유일한 접근권을 대중들에게 알리지 않기로 결정 했는지 설명하십시오.
 
5. 월트 디즈니사는 신장위구르자치구에서 중국과 중국 공산당이 저지른 끔찍한 인권유린에 대한 보도가 널리 알려지고 신뢰할 수 있었음에도, 뮬란의 촬영을 그곳에서 추진한 까닭이 무엇인지, 그리고 중국 또는 신장위구르자치구 내에서의 촬영이 중국 시장에 대한 접근권을 보장받는 것과 관련이 있는지 설명하십시오.
 
6. 월트 디즈니사가 신장위구르자치구에서 촬영하는 동안 신장 생산 건설 병단과의 협력, 위구르나 다른 소수 민족 노동력의 사용 등에서 강제 노동력이 사용되지 않도록 방지하기 위해 디즈니가 수행한 실제 조사 과정을 포함하여, 현지 노동력을 사용한 것에 대해 설명하십시오.
 
7. 앞에서 언급한 '실제 조사'를 담당한 월트 디즈니사의 유닛 및 자회사와 그러한 조사를 수행하기로 계약한 모든 회사를 밝혀주십시오.
 
8. 뮬란을 신장위구르자치구에서 촬영하기로 결정하는 의사 과정에 있어 중국에 기반을 둔 월트 디즈니사 또는 그 자회사 월트 디즈니사(중국) 리미티드의 임원 및 경연진의 역할에 대해 설명하십시오.
 
9. 월트 디즈니사 또는 뮬란 촬영에 관련된 자회사가 중국이나 중국 공산당 당국으로부터 중국인 직원을 위한 공산당 위원회나 지부를 설립하도록 요청받았는지, 그렇다면 그 위원회나 지부가 신장에서 촬영하기로 한 회사의 결정에 역할을 한 것이 있는지 확답해주십시오.
 
10. 월트 디즈니사가 지역 및 관련 프로젝트들을 포함하여 중국에서 예정하고 있는 모든 영화 제작 계획에 대해 설명하십시오.
 
11. 월트 디즈니사는 인권을 탄압하는 것으로 알려진 단체들과의 협력 정책을 갖고 있습니까? 만약 그렇다면 알려주십시오. 만약 그렇지 않다면, 왜 아닌지 설명해주십시오.
 
월트 디즈니사의 웹사이트에는 다음과 같은 글이 적혀 있습니다. ""우리는 사회적 책임이 장기적인 투자라고 믿는다. 그것은 시장에서의 우리의 운영력과 경쟁력을 강화하고, 리스크 관리를 향상시키며, 우수한 직원들을 끌어들이고 참여시키고, 우리의 명성을 유지하도록 한다."" 우리는 여러분이 중국에서의 활동에서 이러한 약속을 어떻게 이행했는지 충분히 이해하고자 노력하고 있습니다.
 
우리는 이러한 요청에 대한 당신들의 즉각적이고 상세한 답변을 기다립니다."
2020-09-13 18:38:28,"0414 불돗개 🐕","저거 진짜 배우들뿐만아니라"
2020-09-13 18:38:35,"0414 불돗개 🐕","제작 자체에서도 문제가 있었다며"
2020-09-13 18:52:29,"1021 애플하수인📲","웅"
2020-09-13 18:52:32,"1021 애플하수인📲","뮬란의 상징인"
2020-09-13 18:52:35,"1021 애플하수인📲","용을 없앴어.."
2020-09-13 19:05:52,"Mormon Buddhist 🧎🏻‍♀","🤦‍♀️"
2020-09-14 09:36:47,"지윤","....뮬란 개봉일 다가올 수록 보지 말아야할 이유들만 늘어나네"
2020-09-14 10:19:54,"0414 불돗개 🐕","다들 좋은 아침이십니가.."
2020-09-14 10:19:59,"0414 불돗개 🐕","이모티콘"
2020-09-14 10:20:02,"0414 불돗개 🐕","조흔아침!"
2020-09-14 10:21:21,"1021 애플하수인📲","굿뭘닝.."
2020-09-16 09:38:31,"1021 애플하수인📲","올해 아이폰12 안나오나봐"
2020-09-16 09:38:43,"1021 애플하수인📲","오늘 발표한거에 없네"
2020-09-16 09:38:54,"0414 불돗개 🐕","안녕하세요 애플알림이"
2020-09-16 09:39:00,"0414 불돗개 🐕","이모티콘"
2020-09-16 09:39:06,"1021 애플하수인📲","ㅋㅋㅋㅋㅋㅋㅋㅋㅋㅋㅋㅋㅋㅋㅋㅋㅋㅋㅋㅋㅋㅋㅋㅋㅋㅋㅋ"
2020-09-16 09:39:14,"1021 애플하수인📲","패드 맥북 워치만 있더라"
2020-09-16 09:39:28,"1021 애플하수인📲","아이폰 11계통 구매자들은 승리했다.."
2020-09-16 09:39:56,"Mormon Buddhist 🧎🏻‍♀","띠로리.."
2020-09-16 09:39:58,"Mormon Buddhist 🧎🏻‍♀","왜지"
2020-09-16 09:40:10,"0414 불돗개 🐕","샵검색: #어몽어스 승리"
2020-09-16 09:40:13,"0414 불돗개 🐕","승리~"
2020-09-16 09:40:27,"Mormon Buddhist 🧎🏻‍♀","살 생각은 없지만"
2020-09-16 09:40:29,"Mormon Buddhist 🧎🏻‍♀","궁금했는데"
2020-09-16 09:40:31,"Mormon Buddhist 🧎🏻‍♀","ㅋㅋㅋㅋㅋㅋㅋㅋㅋㅋㅋㅋㅋㅋㅋㅋ"
2020-09-16 09:40:59,"1021 애플하수인📲","ㅋㅋㅋㅋㅋ 안나온다는 말도 많았거든"
2020-09-16 09:41:12,"1021 애플하수인📲","개이득봤다"
2020-09-16 09:41:23,"0414 불돗개 🐕","애플워치 se도 나오네"
2020-09-16 09:41:53,"Mormon Buddhist 🧎🏻‍♀","애플워치"
2020-09-16 09:41:55,"Mormon Buddhist 🧎🏻‍♀","갖고싶어"
2020-09-16 09:42:00,"Mormon Buddhist 🧎🏻‍♀","뭔가 활용 1도 없지만"
2020-09-16 09:42:03,"Mormon Buddhist 🧎🏻‍♀","그냥 갖고싶어"
2020-09-16 09:42:05,"Mormon Buddhist 🧎🏻‍♀","ㅋㅋㅋㅋㅋㅋㅋㅋㅋㅋㅋㅋㅋㅋㅋㅋㅋㅋㅋㅋㅋㅋㅋㅋㅋㅋㅋㅋㅋㅋㅋ"
2020-09-16 09:42:20,"0414 불돗개 🐕","ㅋㅋㅋㅋㅋㅋㅋㅋㅋㅋㅋㅋ"
2020-09-16 09:42:28,"0414 불돗개 🐕","맞아 근데"
2020-09-16 09:42:36,"0414 불돗개 🐕","내 성격상 달리기 할때 말고 안쓸거같아"
2020-09-16 09:42:38,"0414 불돗개 🐕","ㅋㅋㅋㅋㅋㅋㅋㅋ"
2020-09-16 09:43:12,"1021 애플하수인📲","애플워치는 뭔가"
2020-09-16 09:43:24,"1021 애플하수인📲","가격대비 무난하게 차고다닐수있는거같긴 함"
2020-09-16 09:43:31,"Mormon Buddhist 🧎🏻‍♀","미투...ㅎ"
2020-09-16 09:43:33,"1021 애플하수인📲","30만원대 시계는 보통 애매한데"
2020-09-16 09:43:45,"Mormon Buddhist 🧎🏻‍♀","근데 난 평소에 아예 시계를 안차서..."
2020-09-16 09:43:46,"1021 애플하수인📲","애플워치 차면 시계가지고 사람들이 평가질 안하니까"
2020-09-16 09:43:58,"Mormon Buddhist 🧎🏻‍♀","아 시계가지고 또 평가질을 하나요"
2020-09-16 09:43:59,"1021 애플하수인📲","근데 충전시켜줘야하는거"
2020-09-16 09:44:03,"Mormon Buddhist 🧎🏻‍♀","더러운 ㅔㅅ상."
2020-09-16 09:44:05,"1021 애플하수인📲","개귀찮"
2020-09-16 09:44:08,"1021 애플하수인📲","은근 많이하지"
2020-09-16 09:44:19,"Mormon Buddhist 🧎🏻‍♀","배터리 빨리 닳아?"
2020-09-16 09:44:25,"1021 애플하수인📲","이틀에 한번벙도?"
2020-09-16 09:44:29,"Mormon Buddhist 🧎🏻‍♀","아하"
2020-09-16 09:44:35,"Mormon Buddhist 🧎🏻‍♀","나쁘진 않지만"
2020-09-16 09:44:38,"Mormon Buddhist 🧎🏻‍♀","약간 귀찮은"
2020-09-16 09:44:39,"Mormon Buddhist 🧎🏻‍♀","빈도"
2020-09-16 09:44:40,"Mormon Buddhist 🧎🏻‍♀","..."
2020-09-16 09:44:45,"0901 개불","사진"
2020-09-16 09:44:47,"0901 개불","나올듯"
2020-09-16 09:44:52,"0901 개불","아이패드 8세대 소개 영상캡쳐인데"
2020-09-16 09:44:57,"0901 개불","9월30일 이벤트 강조함"
2020-09-16 09:44:59,"0901 개불","이때 발표할듯"
2020-09-16 09:45:07,"Mormon Buddhist 🧎🏻‍♀","ㅋㅋㅋㅋㅋㅋㅋㅋㅋㅋㅋㅋㅋㅋㅋㅋㅋㅋㅋㅋㅋㅋㅋㅋㅋㅋㅋㅋㅋㅋㅋㅋㅋㅋ아 경민옵"
2020-09-16 09:45:09,"Mormon Buddhist 🧎🏻‍♀","치밀해"
2020-09-16 09:45:10,"Mormon Buddhist 🧎🏻‍♀","아주"
2020-09-16 09:45:12,"Mormon Buddhist 🧎🏻‍♀","ㅋㅋㅋㅋㅋㅋㅋㅋㅋㅋㅋㅋㅋㅋㅋㅋㅋㅋㅋ"
2020-09-16 09:45:59,"1021 애플하수인📲","ㅋㅋㅋㅋㅋㅋㅋㅋㅋㅋㅋㅋㅋㅋㅋㅋㅋ"
2020-09-16 09:46:05,"1021 애플하수인📲","저건 못봤네"
2020-09-16 09:46:29,"Mormon Buddhist 🧎🏻‍♀","저 트리 아이디 뭘까"
2020-09-16 09:46:32,"Mormon Buddhist 🧎🏻‍♀","궁금하다..."
2020-09-16 09:49:33,"0901 개불","애플워치살거면 se 나쁘지않다봄"
2020-09-16 09:49:39,"0901 개불","근데 시계가지고 평가질하는거"
2020-09-16 09:49:43,"0901 개불","그런사람 걍 거르면됨ㅋㅋ"
2020-09-16 09:50:33,"1021 애플하수인📲","ㅇㅈ"
2020-09-16 09:50:37,"1021 애플하수인📲","이번 아이패드도"
2020-09-16 09:50:38,"0901 개불","시계는 무적권 자기만족이고 가성비란게 있을수가 없음"
2020-09-16 09:50:43,"1021 애플하수인📲","이쁘게 잘 뽑혔던디"
2020-09-16 09:50:52,"0901 개불","근데 그걸로 사람 평가하고 가른다? 무적권 거르셈"
2020-09-16 09:51:14,"0901 개불","에어 4세대 좀 이쁨"
2020-09-16 09:51:19,"0901 개불","프로라인 디자인으로 바뀌어서"
2020-09-16 09:51:22,"0901 개불","훌륭"
2020-09-16 09:52:06,"지윤","워치"
2020-09-16 09:52:08,"0414 불돗개 🐕","ㅋㅋㅋㅋㅋㅋㅋㅋ훌륭"
2020-09-16 09:52:08,"지윤","갖고싶다"
2020-09-16 09:52:11,"지윤","ㅎㅎ 쓸모없지만"
2020-09-16 09:52:12,"지윤","ㅎㅎ"
2020-09-16 09:52:16,"지윤","Se면 더 싸려나"
2020-09-16 09:52:20,"0901 개불","40미리"
2020-09-16 09:52:22,"0901 개불","35.9"
2020-09-16 09:52:35,"0901 개불","전 돼지라서 44미리 차야하는데 손목얇은사람은 40미리로 충분"
2020-09-16 09:52:41,"0901 개불","44미리는 39.9"
2020-09-16 09:53:04,"0901 개불","사실상 워치5랑 칩같고 다 똑같은데 심전도랑 aod만 빠진게 se"
2020-09-16 09:53:11,"0901 개불","근데 가격 20만원가까지 낮아짐"
2020-09-16 09:53:15,"0901 개불","심전도 어차피 국내에서 못쓰고"
2020-09-16 09:53:26,"0901 개불","aod도 생각보다 쓸모없다 생각"
2020-09-16 09:53:33,"0901 개불","내가 워치산다면 se"
2020-09-16 09:53:33,"1021 애플하수인📲","여자들은 38 40이 딱 적당"
2020-09-16 09:53:52,"1021 애플하수인📲","내꺼는 42인데"
2020-09-16 09:53:53,"0414 불돗개 🐕","사진"
2020-09-16 09:53:56,"1021 애플하수인📲","나한테도 넉넉한거보ㅕㄴ"
2020-09-16 09:54:01,"0414 불돗개 🐕","뺏는것도 방법이 될 수 있지"
2020-09-16 09:54:05,"Mormon Buddhist 🧎🏻‍♀","거의 뭐 좀비인데"
2020-09-16 09:54:06,"Mormon Buddhist 🧎🏻‍♀","우리"
2020-09-16 09:54:07,"Mormon Buddhist 🧎🏻‍♀","ㅋㅋㅋㅋㅋㅋㅋㅋㅋㅋㅋㅋㅋㅋㅋㅋㅋㅋㅋㅋㅋㅋㅋㅋㅋㅋㅋㅋㅋㅋㅋㅋ"
2020-09-16 09:54:12,"1021 애플하수인📲","ㅋㅋㅋㅋㅋㅋㅋㅋㅋㅋㅋㅋㅋㅋㅋㅋㅋㅋㅋㅋㅋㅋㅋㅋㅋㅋㅋㅋㅋㅋㅋㅋㅋ"
2020-09-16 09:54:12,"Mormon Buddhist 🧎🏻‍♀","손이 몇개야"
2020-09-16 09:54:13,"0414 불돗개 🐕","덥석"
2020-09-16 09:54:15,"0901 개불","개웃기네ㅋㅋㅋㅋㅋㅋㅋㅋㅋㅋㅋㅋㅋㅋㅋㅋㅋㅋㅋㅋㅋㅋㅋ"
2020-09-16 09:54:17,"1021 애플하수인📲","근데 런닝 많이 뛰면"
2020-09-16 09:54:21,"1021 애플하수인📲","워치 살만함"
2020-09-16 09:54:22,"Mormon Buddhist 🧎🏻‍♀","일단 잡고본다"
2020-09-16 09:54:23,"Mormon Buddhist 🧎🏻‍♀","ㅎ"
2020-09-16 09:54:39,"1021 애플하수인📲","ㅋㅋㅋㅋㅋㅋㅋㅋㅋ"
2020-09-16 09:56:25,"Mormon Buddhist 🧎🏻‍♀","이정도면 도전해볼만하군...."
2020-09-16 09:57:52,"0901 개불","오타났네"
2020-09-16 09:58:03,"0901 개불","20만원이 아니고 기존 가격보다 20만원가까이 낮아져서"
2020-09-16 09:58:05,"0901 개불","35.9"
2020-09-16 09:58:06,"0901 개불","ㅋㅋㅋㅋㅋㅋㅋㅋㅋㅋㅋ"
2020-09-16 09:58:17,"0414 불돗개 🐕","괜찮아 찰떡같이 이해했어"
2020-09-16 09:58:19,"0414 불돗개 🐕","ㅋㅋㅋㅋㅋㅋㅋ"
2020-09-16 09:58:38,"0414 불돗개 🐕","근데 모양은 이상하게 원형이 더 끌려서 갤럭시워치도 끌리는데 연동 안되는게 많다 하더라고 ㅎ"
2020-09-16 09:58:47,"0414 불돗개 🐕","님들은 애플워치로 무슨기능씀?"
2020-09-16 09:59:35,"0901 개불","1. 시간보기 
2. 운동할때 측정
3. 심심할 때 심박수 측저
4. 사람들 만났을 때 워치로 폰 카메라 사진찍는거 보여주면서 신기해하는거 보기"
2020-09-16 10:00:12,"지윤","4번 ㅋㅋㅋㅋㅋㅋㅋㅋㅋㅋㅋㅋㅋ"
2020-09-16 10:00:13,"1021 애플하수인📲","시간보는거랑 시간보는거랑 음악 볼륨"
2020-09-16 10:00:17,"1021 애플하수인📲","4번 ㅈㄴ인정"
2020-09-16 10:00:18,"지윤","마자 나도 원형이 더 좋아"
2020-09-16 10:00:35,"0414 불돗개 🐕","그거 차고 핸드폰 집에 놓고 뛰어도"
2020-09-16 10:00:35,"Mormon Buddhist 🧎🏻‍♀","오빠 그래도 덕분에 잠시나마 내 손목에 있는 워치를 상상해봣어 고마워..."
2020-09-16 10:00:42,"0414 불돗개 🐕","와이파이 안되면 음악 안들리?"
2020-09-16 10:00:47,"0414 불돗개 🐕","카톡도 못보남?"
2020-09-16 10:00:56,"지윤","그거되는것도 있음"
2020-09-16 10:00:59,"1021 애플하수인📲","카톡 볼수이써"
2020-09-16 10:01:11,"지윤","인터넷요금제있는거쓰면 "
2020-09-16 10:01:14,"1021 애플하수인📲","음악도 들려 폰이랑 연동되면"
2020-09-16 10:01:14,"지윤","음악도 밖에서 들어"
2020-09-16 10:01:24,"0901 개불","워치에 gps모델이랑 셀룰러모델이 있는데"
2020-09-16 10:01:30,"0901 개불","gps모델은 폰이랑 무적권 연동"
2020-09-16 10:01:59,"0414 불돗개 🐕","웅웅"
2020-09-16 10:02:26,"0414 불돗개 🐕","되는게 셀룰러고 안되는게 지피야?"
2020-09-16 10:05:44,"0901 개불","아 ㅈㅅ"
2020-09-16 10:05:45,"0901 개불","전화아서"
2020-09-16 10:05:47,"0901 개불","와서"
2020-09-16 10:06:01,"0901 개불","셀룰러가 별도 요금제 가입해서 폰이랑 별개로 쓸 수 있는 모델"
2020-09-16 10:06:07,"0901 개불","셀룰러를 gps처럼 쓸수도 있긴함"
2020-09-16 10:06:58,"1021 애플하수인📲","근데 사실"
2020-09-16 10:07:02,"1021 애플하수인📲","워치만으로는 불편해서"
2020-09-16 10:07:07,"1021 애플하수인📲","셀룰러 가도"
2020-09-16 10:07:15,"1021 애플하수인📲","그만큼의 활용은 어려운 편"
2020-09-16 10:07:23,"0901 개불","ㅇㅈ"
2020-09-16 10:07:58,"Mormon Buddhist 🧎🏻‍♀","아하...."
2020-09-16 10:08:13,"Mormon Buddhist 🧎🏻‍♀","크리스마스에 나를 위한 선물로 한 번 고려해봐야지..."
2020-09-16 10:08:34,"0414 불돗개 🐕","그럼 집에 폰 놔두고 워치 차고 뛰어도"
2020-09-16 10:08:44,"0414 불돗개 🐕","셀룰러 아니면 음악+카톡을 못보겠네??"
2020-09-16 10:08:51,"0901 개불","그러치"
2020-09-16 10:09:05,"0414 불돗개 🐕","옴뇸뇸"
2020-09-16 10:09:08,"0414 불돗개 🐕","이모티콘"
2020-09-16 10:09:10,"Mormon Buddhist 🧎🏻‍♀","그럼 그 핸드폰 내부에 다운로드 되어있는 음악만 재생가능인거군..."
2020-09-16 10:09:30,"Mormon Buddhist 🧎🏻‍♀","애플워치 vs 아이패드"
2020-09-16 10:09:35,"Mormon Buddhist 🧎🏻‍♀","사야한다면 둘 중 어떤거 추천.."
2020-09-16 10:09:50,"0901 개불","둘 활용도가 너무 달라서ㅋㅋㅋ"
2020-09-16 10:10:10,"Mormon Buddhist 🧎🏻‍♀","맥북이 있는데 뭔가 아이패드 있으면 편할 것 같아서"
2020-09-16 10:10:17,"Mormon Buddhist 🧎🏻‍♀","맥북은 데스크탑 용도로 두고..."
2020-09-16 10:10:22,"Mormon Buddhist 🧎🏻‍♀","아이패드 쓰고싶은"
2020-09-16 10:10:23,"Mormon Buddhist 🧎🏻‍♀","그런 기분.."
2020-09-16 10:10:31,"1021 애플하수인📲","ㅇㅇ"
2020-09-16 10:10:34,"1021 애플하수인📲","아이패드 좋아"
2020-09-16 10:10:37,"Mormon Buddhist 🧎🏻‍♀","아닌가 나 그냥 돈쓰고 싶은가봐"
2020-09-16 10:10:39,"Mormon Buddhist 🧎🏻‍♀","ㅋㅋㅋㅋㅋㅋㅋㅋㅋㅋㅋㅋㅋㅋㅋㅋㅋㅋㅋㅋㅋㅋㅋㅋㅋㅋㅋㅋㅋㅋㅋㅋㅋㅋㅋㅋㅋ"
2020-09-16 10:10:40,"Mormon Buddhist 🧎🏻‍♀","ㅠㅠ"
2020-09-16 10:10:43,"1021 애플하수인📲","보통 폰 버려두고"
2020-09-16 10:10:47,"1021 애플하수인📲","넷플릭스 보면서 아이패드로"
2020-09-16 10:10:51,"1021 애플하수인📲","카톡함 ^^"
2020-09-16 10:10:55,"0414 불돗개 🐕","ㅋㅋㅋㅋㅋㅋㅋㅋㅋㅋㅋㅋㅋㅋㅋㅋㅋㅋㅋㅋㅋㅋㅋㅋㅋㅋㅋㅋㅋㅋ돈"
2020-09-16 10:11:11,"Mormon Buddhist 🧎🏻‍♀","스트레스가 많으니 돈이라도 쓰고싶네요..."
2020-09-16 10:11:21,"Mormon Buddhist 🧎🏻‍♀","(현실은 돈도 없음..)"
2020-09-16 10:17:09,"0901 개불","아이폰12로 바꿀라하는데"
2020-09-16 10:17:15,"0901 개불","xs팔면 얼마나 받으려나.."
2020-09-16 10:17:35,"Mormon Buddhist 🧎🏻‍♀","출고가 얼마나 될까"
2020-09-16 10:18:18,"Mormon Buddhist 🧎🏻‍♀","xs...음 40은 받지 않을까요...."
2020-09-16 10:18:22,"Mormon Buddhist 🧎🏻‍♀","아니려나..."
2020-09-16 10:18:47,"0901 개불","출고가는 11이랑 비슷할듯. 왜냐면 이번에 충전기랑 이어폰 다 빼고 준단 얘기가있거든"
2020-09-16 10:18:57,"0901 개불","xs 팔기전에 리퍼받고 리퍼미사용품으로 팔긴할거임"
2020-09-16 10:19:16,"Mormon Buddhist 🧎🏻‍♀","양아치여? 충전기랑 이어폰도 없다니.."
2020-09-16 10:19:23,"0414 불돗개 🐕","ㅋㅋㅋㅋㅋㅋㅋㅋㅋㅋㅋㅋㅋㅋㅋㅋ"
2020-09-16 10:19:33,"0414 불돗개 🐕","이젠 다 기본적으로 무선충전기랑 에어팟 있으시조?"
2020-09-16 10:19:35,"0414 불돗개 🐕","이런건가"
2020-09-16 10:19:43,"Mormon Buddhist 🧎🏻‍♀","ㄱㅅㄲ들..."
2020-09-16 10:19:55,"Mormon Buddhist 🧎🏻‍♀","험난한 세상이네 정말.."
2020-09-16 10:20:41,"0901 개불","혹시 여기 xs로 바꾸실분은 안계시져?"
2020-09-16 10:20:46,"0901 개불","는 지윤이만 해당사항이네"
2020-09-16 10:20:47,"0901 개불","ㅋㅋㅋㅋㅋㅋㅋㅋㅋ"
2020-09-16 10:21:13,"Mormon Buddhist 🧎🏻‍♀","ㅋㅋㅋㅋㅋㅋㅋㅋㅋㅋㅋㅋㅋ"
2020-09-16 10:21:28,"1021 애플하수인📲","ㅋㅋㅋㅋㅋㅋㅋㅋㅋㅋㅋㅋㅋㅋㅋ"
2020-09-16 10:21:33,"1021 애플하수인📲","11pro는 사면"
2020-09-16 10:21:34,"Mormon Buddhist 🧎🏻‍♀","가나요"
2020-09-16 10:21:38,"0901 개불","지인중에라도 혹시라두 계시면 아이폰12 출시시점에 리퍼받아서 미사용품으로 중고나라시세보다 싸게두림 풀박으로"
2020-09-16 10:21:39,"1021 애플하수인📲","고속충전기줘서 좋았는데"
2020-09-16 10:21:56,"1021 애플하수인📲","고속충전기 ㄹㅇ 0퍼에서 80퍼 1시간도 안걸리더라"
2020-09-16 10:21:58,"Mormon Buddhist 🧎🏻‍♀","11pro는 고속 충전기도 있어?"
2020-09-16 10:22:03,"1021 애플하수인📲","ㅇㅇ 프로 계열만"
2020-09-16 10:22:05,"0901 개불","ㅇㅇ11프로는 18와트짜리 줌"
2020-09-16 10:22:08,"1021 애플하수인📲","충전기 고오급 줬어"
2020-09-16 10:22:11,"Mormon Buddhist 🧎🏻‍♀","쩌네..."
2020-09-16 10:22:13,"1021 애플하수인📲","한시간이면 거의 풀이야 배터리"
2020-09-16 10:22:14,"0901 개불","기존거 5와트"
2020-09-16 10:22:16,"0901 개불","거북이충전"
2020-09-16 10:22:27,"1021 애플하수인📲","xs근데"
2020-09-16 10:22:30,"1021 애플하수인📲","출시 좀 전에 팔아야"
2020-09-16 10:22:34,"1021 애플하수인📲","더 받을텐데 가격"
2020-09-16 10:22:38,"0901 개불","근데 출시전에 팔면"
2020-09-16 10:22:40,"1021 애플하수인📲","하지만 팔면쓸 폰이"
2020-09-16 10:22:41,"0901 개불","내가 쓸 폰이 없음"
2020-09-16 10:22:41,"0901 개불","ㅋㅋㅋㅋㅋㅋㅋㅋㅋ"
2020-09-16 10:22:42,"1021 애플하수인📲","없으니"
2020-09-16 10:22:43,"Mormon Buddhist 🧎🏻‍♀","경민오빠 핸드폰 없이"
2020-09-16 10:22:44,"Mormon Buddhist 🧎🏻‍♀","살아야해.."
2020-09-16 10:22:44,"1021 애플하수인📲","ㅋㅋㅋㅋㅋㅋㅋㅋㅋㅋㅋㅋㅋㅋㅋㅋㅋㅋㅋ"
2020-09-16 10:22:48,"0901 개불","집에 모셔둔"
2020-09-16 10:22:53,"0901 개불","아이폰4를 주섬주섬.."
2020-09-16 10:22:53,"Mormon Buddhist 🧎🏻‍♀","오빠 아니면 내 6 잠시 빌려줄게"
2020-09-16 10:22:56,"Mormon Buddhist 🧎🏻‍♀","ㅋㅋㅋㅋㅋㅋㅋㅋㅋㅋㅋㅋㅋㅋㅋㅋㅋㅋㅋㅋㅋㅋㅋㅋㅋㅋㅋㅋㅋㅋㅋㅋㅋㅋ"
2020-09-16 10:22:56,"1021 애플하수인📲","ㅋㅋㅋㅋㅋㅋㅋㅋㅋㅋㅋ"
2020-09-16 10:22:56,"1021 애플하수인📲","6;"
2020-09-16 10:22:58,"1021 애플하수인📲","할만하다"
2020-09-16 10:23:02,"0901 개불","ㅋㅋㅋㅋㅋㅋㅋㅋㅋㅋㅋㅋㅋ"
2020-09-16 10:23:09,"1021 애플하수인📲","애플워치가"
2020-09-16 10:23:09,"Mormon Buddhist 🧎🏻‍♀","집에 자고있는 6가 있어"
2020-09-16 10:23:12,"1021 애플하수인📲","호환 안시켜주는거아냐?"
2020-09-16 10:23:14,"1021 애플하수인📲","ㅋㅋㅋㅋㅋㅋㅋㅋㅋ"
2020-09-16 10:23:15,"Mormon Buddhist 🧎🏻‍♀","일주일정도면 버틸만할거야..."
2020-09-16 10:23:15,"1021 애플하수인📲","호완"
2020-09-16 10:23:17,"Mormon Buddhist 🧎🏻‍♀","아 그래?"
2020-09-16 10:23:18,"1021 애플하수인📲","호환?"
2020-09-16 10:23:19,"1021 애플하수인📲","호완?"
2020-09-16 10:23:20,"Mormon Buddhist 🧎🏻‍♀","호환"
2020-09-16 10:23:22,"1021 애플하수인📲","한국어 개어렵네"
2020-09-16 10:23:29,"Mormon Buddhist 🧎🏻‍♀","너무하네 애플..."
2020-09-16 10:23:56,"1021 애플하수인📲","시계 동기화하다가"
2020-09-16 10:23:57,"1021 애플하수인📲","렉걸릴거같아"
2020-09-16 10:24:08,"0414 불돗개 🐕","나 왜 오빠 아이폰11계열이라 생각했지"
2020-09-16 10:24:34,"0901 개불","노치있어서 그런거 아닐까"
2020-09-16 10:24:37,"Mormon Buddhist 🧎🏻‍♀","지윤 7플러스 나 x 경민 xs 지선 정연 11pro....?"
2020-09-16 10:24:43,"0901 개불","지선 11"
2020-09-16 10:24:45,"Mormon Buddhist 🧎🏻‍♀","ㅁㅈㅁㅈ 노치때문"
2020-09-16 10:24:49,"0901 개불","11화이트"
2020-09-16 10:24:54,"0414 불돗개 🐕","쌩11"
2020-09-16 10:25:05,"1021 애플하수인📲","난 11국방"
2020-09-16 10:25:07,"Mormon Buddhist 🧎🏻‍♀","12나오면 "
2020-09-16 10:25:07,"1021 애플하수인📲","프로"
2020-09-16 10:25:09,"Mormon Buddhist 🧎🏻‍♀","11pro"
2020-09-16 10:25:12,"Mormon Buddhist 🧎🏻‍♀","가격 좀 떨어지나?"
2020-09-16 10:25:13,"1021 애플하수인📲","12 보라색 이뻐보이던데"
2020-09-16 10:25:16,"1021 애플하수인📲","프로계열은"
2020-09-16 10:25:19,"1021 애플하수인📲","그렇게 다이나믹하게"
2020-09-16 10:25:20,"Mormon Buddhist 🧎🏻‍♀","안떨어지나요"
2020-09-16 10:25:20,"1021 애플하수인📲","안떨어질걸"
2020-09-16 10:25:21,"Mormon Buddhist 🧎🏻‍♀","ㅠ"
2020-09-16 10:25:27,"0901 개불","11라인 단종시킬수도있음"
2020-09-16 10:25:28,"1021 애플하수인📲","써보고 느낀게"
2020-09-16 10:25:31,"1021 애플하수인📲","존나 차고 넘쳐서"
2020-09-16 10:25:32,"Mormon Buddhist 🧎🏻‍♀","이런...."
2020-09-16 10:25:39,"0414 불돗개 🐕","그럼 제꺼 몸값올라요?"
2020-09-16 10:25:40,"0414 불돗개 🐕","이모티콘"
2020-09-16 10:25:43,"1021 애플하수인📲","진짜 쓸때없이 좋아"
2020-09-16 10:25:54,"1021 애플하수인📲","11도"
2020-09-16 10:25:55,"1021 애플하수인📲","좋지"
2020-09-16 10:26:00,"0901 개불","보통은 물건이 단종되면 가격이 올라가는데"
2020-09-16 10:26:00,"1021 애플하수인📲","야간모드 있는게 구냥 개꿀"
2020-09-16 10:26:05,"1021 애플하수인📲","핸드폰은"
2020-09-16 10:26:07,"1021 애플하수인📲","올라가진 않음"
2020-09-16 10:26:09,"0901 개불","애플은 단종시키면서 다음세대가 그걸 대체해버려서"
2020-09-16 10:26:13,"0901 개불","가격 떨어지더라구 결국"
2020-09-16 10:26:13,"0414 불돗개 🐕","쉬부알"
2020-09-16 10:26:16,"1021 애플하수인📲","단종시키는 이유가"
2020-09-16 10:26:19,"0414 불돗개 🐕","이모티콘"
2020-09-16 10:26:20,"1021 애플하수인📲","그렇게 많이 차이가 안나면"
2020-09-16 10:26:27,"1021 애플하수인📲","사람들은 좀더 싼 아래단계로 가버려서"
2020-09-16 10:26:30,"1021 애플하수인📲","아예 단종시켜버림"
2020-09-16 10:26:38,"0414 불돗개 🐕","그말인즉슨"
2020-09-16 10:26:46,"0414 불돗개 🐕","12랑 큰 차이가 없을 수 있단거내"
2020-09-16 10:26:53,"1021 애플하수인📲","디자인이랑 칩셋 정도?"
2020-09-16 10:26:57,"1021 애플하수인📲","근데 이미 12 칩셋은"
2020-09-16 10:27:03,"1021 애플하수인📲","안드로이드 최상급보다 좋으니 뭐..."
2020-09-16 10:27:06,"1021 애플하수인📲","11칩셋"
2020-09-16 10:27:06,"1021 애플하수인📲","ㅇㅇ"
2020-09-16 10:27:39,"0901 개불","x이상 넘어오면 칩셋으론 크게 의미없고 디자인정도인데"
2020-09-16 10:27:45,"0901 개불","사실 이제 스마트폰이 성능으로는"
2020-09-16 10:27:50,"0901 개불","드라마틱하게 좋아질게 거의없음.."
2020-09-16 10:27:52,"1021 애플하수인📲","ㅇㅈ"
2020-09-16 10:27:53,"1021 애플하수인📲","근데 이게"
2020-09-16 10:27:57,"1021 애플하수인📲","갑분싸 나오려면"
2020-09-16 10:27:59,"1021 애플하수인📲","아이폰 12이"
2020-09-16 10:28:03,"1021 애플하수인📲","5G를 가지고 나오는거임"
2020-09-16 10:28:06,"1021 애플하수인📲","그러면 12 안사려고함"
2020-09-16 10:28:08,"1021 애플하수인📲","ㅋㅋㅋㅋㅋㅋㅋㅋㅋㅋ"
2020-09-16 10:28:11,"0901 개불","5g로 나올거가튼데"
2020-09-16 10:28:19,"0901 개불","그럼 자급제로사서"
2020-09-16 10:28:21,"0414 불돗개 🐕","ㅋㅋㅋㅋㅋㅋㅋㅋㅋㅋ"
2020-09-16 10:28:21,"0901 개불","엘티이쓰는 참사가"
2020-09-16 10:28:22,"1021 애플하수인📲","ㅇㅇ"
2020-09-16 10:28:27,"1021 애플하수인📲","통신사로 가면"
2020-09-16 10:28:31,"1021 애플하수인📲","핸드폰요금"
2020-09-16 10:28:33,"1021 애플하수인📲","싀발;; 적금급"
2020-09-16 10:28:39,"0901 개불","쉬벌롬들 제대로 5g공급도 못하면서 가격 개비쌈"
2020-09-16 10:28:48,"1021 애플하수인📲","5G는 빘ㄴ데 데이터는 4G씀 ^^"
2020-09-16 10:28:51,"1021 애플하수인📲","그냥 기기변경 해야할듯"
2020-09-16 10:29:10,"1021 애플하수인📲","저런 참사가 터지면"
2020-09-16 10:29:15,"1021 애플하수인📲","지선누나 핸드폰 가격"
2020-09-16 10:29:16,"1021 애플하수인📲","올라갈수도"
2020-09-16 10:30:27,"Mormon Buddhist 🧎🏻‍♀","ㅋㅋㅋㅋㅋㅋㅋㅋㅋㅋㅋㅋㅋ"
2020-09-16 10:30:40,"Mormon Buddhist 🧎🏻‍♀","요즘 빨리 돈을 벌고싶은 기분이...ㅠ"
2020-09-16 10:31:23,"0901 개불","xs가격 마니 안나오면 걍 존버해야지.."
2020-09-16 10:31:51,"0901 개불","얼마전에 몇년 존버했던 플렉스를 해버려서"
2020-09-16 10:31:54,"0901 개불","당분간 조용히 살려함"
2020-09-16 10:32:02,"0414 불돗개 🐕","뭐샀어"
2020-09-16 10:32:04,"Mormon Buddhist 🧎🏻‍♀","뭐야 무슨 플렉스"
2020-09-16 10:32:07,"0901 개불","ㅎㅎ.."
2020-09-16 10:32:14,"0414 불돗개 🐕","차샀어?"
2020-09-16 10:32:15,"Mormon Buddhist 🧎🏻‍♀","오빠 차 사써"
2020-09-16 10:32:19,"0414 불돗개 🐕","집샀어?"
2020-09-16 10:32:21,"0901 개불","차는 아니고"
2020-09-16 10:32:21,"Mormon Buddhist 🧎🏻‍♀","ㅋㅋㅋㅋㅋㅋㅋㅋㅋㅋㅋㅋㅋㅋㅋㅋㅋㅋㅋㅋㅋㅋㅋㅋㅋㅋㅋㅋㅋㅋㅋㅋㅋㅋ"
2020-09-16 10:32:22,"0901 개불","집도 아니고"
2020-09-16 10:32:24,"0901 개불","시계욤.."
2020-09-16 10:32:25,"Mormon Buddhist 🧎🏻‍♀","자전거?"
2020-09-16 10:32:26,"0901 개불","ㅎㅎ"
2020-09-16 10:32:28,"0414 불돗개 🐕","오"
2020-09-16 10:32:29,"0414 불돗개 🐕","오오오오"
2020-09-16 10:32:32,"0901 개불","한 3년 모았나"
2020-09-16 10:32:33,"Mormon Buddhist 🧎🏻‍♀","오호호라"
2020-09-16 10:32:35,"0901 개불","찔끔찔끔"
2020-09-16 10:32:42,"0414 불돗개 🐕","그럼 왼쪽에 애플워치 오른쪽에 시계차?"
2020-09-16 10:32:43,"Mormon Buddhist 🧎🏻‍♀","시계는 알못이지만 경민옵이 샀다면"
2020-09-16 10:32:45,"Mormon Buddhist 🧎🏻‍♀","분명 멋진"
2020-09-16 10:32:48,"Mormon Buddhist 🧎🏻‍♀","ㅋㅋㅋㅋㅋㅋㅋㅋㅋㅋㅋㅋㅋㅋㅋㅋㅋㅋㅋㅋㅋㅋㅋㅋㅋㅋㅋㅋㅋㅋㅋㅋㅋㅋㅋㅋㅋㅋㅋㅋㅋㅋㅋㅋㅋㅋ"
2020-09-16 10:32:50,"0901 개불","ㅋㅋㅋㅋㅋㅋㅋㅋㅋㅋ"
2020-09-16 10:32:51,"Mormon Buddhist 🧎🏻‍♀","오빠 애플워치"
2020-09-16 10:32:55,"Mormon Buddhist 🧎🏻‍♀","팔아야하는거 아냐?"
2020-09-16 10:32:57,"Mormon Buddhist 🧎🏻‍♀","ㅋㅋㅋㅋㅋㅋㅋㅋㅋㅋㅋㅋㅋㅋㅋㅋㅋㅋㅋㅋㅋㅋㅋㅋㅋㅋㅋㅋㅋㅋㅋㅋㅋㅋㅋㅋㅋㅋㅋㅋㅋㅋㅋㅋㅋㅋ"
2020-09-16 10:33:00,"0901 개불","이거 친구한테 얘기했는데 제발 그러지말래"
2020-09-16 10:33:04,"Mormon Buddhist 🧎🏻‍♀","손목에 2시계"
2020-09-16 10:33:05,"Mormon Buddhist 🧎🏻‍♀","어때"
2020-09-16 10:33:08,"0414 불돗개 🐕","ㅋㅋㅋㅋㅋㅋㅋㅋㅋㅋㅋㅋㅋㅋㅋㅋ"
2020-09-16 10:33:12,"0414 불돗개 🐕","어떤 시계얌"
2020-09-16 10:33:14,"0901 개불","생각만해도 광역어그로ㅋㅋㅋㅋㅋㅋ"
2020-09-16 10:33:14,"Mormon Buddhist 🧎🏻‍♀","1손목2시계..."
2020-09-16 10:33:14,"0414 불돗개 🐕","이모티콘"
2020-09-16 10:33:18,"0414 불돗개 🐕","안뺏을게 보여주라"
2020-09-16 10:33:42,"1021 애플하수인📲","ㅅㅂㅋㅋㅋㅋㅋㅋ"
2020-09-16 10:33:45,"1021 애플하수인📲","양손 시계"
2020-09-16 10:33:47,"1021 애플하수인📲","ㅋㅋㅋㅋㅋㅋㅋㅋㅋㅋㅋㅋㅋㅋㅋ"
2020-09-16 10:33:51,"0901 개불","Ω"
2020-09-16 10:33:56,"1021 애플하수인📲","옴멤감"
2020-09-16 10:33:58,"Mormon Buddhist 🧎🏻‍♀","ㅋㅋㅋㅋㅋㅋㅋㅋㅋㅋㅋㅋㅋㅋㅋㅋ"
2020-09-16 10:34:27,"0414 불돗개 🐕","옴멤메"
2020-09-16 10:34:40,"0414 불돗개 🐕","샵검색: #오메가 시계"
2020-09-16 10:34:43,"0414 불돗개 🐕","형......"
2020-09-16 10:34:45,"Mormon Buddhist 🧎🏻‍♀","잘은 모르지만 달에서 착용한"
2020-09-16 10:34:50,"Mormon Buddhist 🧎🏻‍♀","최초의 시계라니.."
2020-09-16 10:34:56,"Mormon Buddhist 🧎🏻‍♀","형...멋지잖아...!"
2020-09-16 10:35:02,"0414 불돗개 🐕","800만원대도 있네"
2020-09-16 10:35:07,"0414 불돗개 🐕","철회."
2020-09-16 10:35:20,"Mormon Buddhist 🧎🏻‍♀","우리 빨리 보자^^"
2020-09-16 10:35:22,"Mormon Buddhist 🧎🏻‍♀","ㅋㅋㅋㅋㅋㅋㅋㅋㅋㅋㅋㅋㅋㅋㅋㅋㅋㅋㅋㅋㅋㅋㅋㅋㅋㅋㅋㅋㅋㅋㅋㅋ"
2020-09-16 10:35:35,"0901 개불","손목 두고 나가야할판"
2020-09-16 10:35:36,"0901 개불","ㅋㅋㅋㅋㅋㅋㅋ"
2020-09-16 10:35:43,"0901 개불","넹 문워치"
2020-09-16 10:36:09,"Mormon Buddhist 🧎🏻‍♀","난 남들이 오메가에 집중하는 사이에 애플워치 훔칠 생각중,,,후후"
2020-09-16 10:36:12,"Mormon Buddhist 🧎🏻‍♀","ㅋㅋㅋㅋㅋㅋㅋㅋㅋㅋㅋㅋㅋㅋ"
2020-09-16 10:36:26,"1021 애플하수인📲","ㅋㅋㅋㅋㅋㅋㅋㅋㅋㅋㅋㅋㅋㅋㅋㅋㅋㅋㅋㅋㅋㅋㅋㅋㅋㅋㅋㅋㅋㅋㅋㅋㅋㅋㅋㅋㅋㅋㅋㅋㅋ"
2020-09-16 10:36:32,"1021 애플하수인📲","다음에 꼭 차고와야함"
2020-09-16 10:36:50,"0901 개불","틈새공략ㅋㅋ"
2020-09-16 10:37:32,"Mormon Buddhist 🧎🏻‍♀","오빠 시계줄이 예뻐"
2020-09-16 10:37:43,"Mormon Buddhist 🧎🏻‍♀","약간 나 경민감성과 잘맞아."
2020-09-16 10:38:16,"0901 개불","ㅎ_ㅎ"
2020-09-16 10:38:20,"Mormon Buddhist 🧎🏻‍♀","오빠 요즘도 주식해?"
2020-09-16 10:38:30,"0901 개불","ㄴㄴ주식은 다 뺀지 좀 됐음ㅋㅋ"
2020-09-16 10:38:31,"0901 개불","무서워.."
2020-09-16 10:38:48,"0414 불돗개 🐕","돈 벌 방법좀"
2020-09-16 10:38:50,"Mormon Buddhist 🧎🏻‍♀","아하"
2020-09-16 10:38:53,"0414 불돗개 🐕","아시는분 알려주세요"
2020-09-16 10:39:00,"Mormon Buddhist 🧎🏻‍♀","나 요즘 해외 ETF 공부중인데"
2020-09-16 10:39:04,"0414 불돗개 🐕","돈 더 벌고 싶어서 자전거로 배민라이더스 할판"
2020-09-16 10:39:44,"Mormon Buddhist 🧎🏻‍♀","단일 종목도 좋지만 변동성이 넘 커서 시장에 투자하는게 멀리 봤을때 더 좋을 것 같아서 공부중인데 세상 어려운것..."
2020-09-16 10:40:39,"1021 애플하수인📲","요즘"
2020-09-16 10:40:42,"1021 애플하수인📲","해외개미가 대세라며"
2020-09-16 10:40:47,"Mormon Buddhist 🧎🏻‍♀","ㅋㅋㅋㅋㅋㅋㅋㅋㅋㅋㅋㅋㅋㅋㅋ"
2020-09-16 10:40:51,"Mormon Buddhist 🧎🏻‍♀","테슬라 대폭락때"
2020-09-16 10:40:55,"Mormon Buddhist 🧎🏻‍♀","한국개미들"
2020-09-16 10:41:00,"Mormon Buddhist 🧎🏻‍♀","모두 테슬라로 탑승"
2020-09-16 10:41:14,"0901 개불","etf가 나을수도 있지ㅇㅇ"
2020-09-16 10:41:20,"0901 개불","한창 주가 바닥칠때"
2020-09-16 10:41:21,"Mormon Buddhist 🧎🏻‍♀","근데 확실히 작년대비 해외주식 구매율이"
2020-09-16 10:41:24,"0901 개불","코덱스 핫했음"
2020-09-16 10:41:24,"Mormon Buddhist 🧎🏻‍♀","엄청 높긴하더라"
2020-09-16 10:42:20,"1021 애플하수인📲","그냥"
2020-09-16 10:42:22,"1021 애플하수인📲","2014년도에"
2020-09-16 10:42:24,"1021 애플하수인📲","우리 영어쌤"
2020-09-16 10:42:31,"1021 애플하수인📲","jyp 엔터에 전재산 꼬라박을때"
2020-09-16 10:42:34,"1021 애플하수인📲","같이 꼬라박았어야함"
2020-09-16 10:42:36,"Mormon Buddhist 🧎🏻‍♀","ㅋㅋㅋㅋㅋㅋㅋㅋㅋㅋㅋㅋㅋㅋㅋㅋㅋ"
2020-09-16 10:42:38,"Mormon Buddhist 🧎🏻‍♀","개웃겨"
2020-09-16 10:42:39,"1021 애플하수인📲","그 쌤 지금"
2020-09-16 10:42:41,"1021 애플하수인📲","떡상해서"
2020-09-16 10:42:46,"1021 애플하수인📲","학원 그만둠"
2020-09-16 10:42:48,"1021 애플하수인📲","ㅋㅋㅋㅋㅋㅋㅋㅋㅋㅋㅋㅋㅋㅋ"
2020-09-16 10:43:02,"1021 애플하수인📲","수지 열애설 터져서"
2020-09-16 10:43:05,"1021 애플하수인📲","휴강했었는데.."
2020-09-16 10:43:37,"Mormon Buddhist 🧎🏻‍♀","ㅋㅋㅋㅋㅋㅋㅋㅋㅋㅋㅋㅋㅋㅋㅋㅋㅋㅋㅋㅋㅋㅋㅋㅋㅋㅋㅋㅋㅋㅋㅋㅋㅋㅋ"
2020-09-16 10:44:13,"0414 불돗개 🐕","ㅋㅋㅋㅋㅋㅋㅋㅋㅋㅋㅋㅋㅋㅋㅋㅋㅋㅋㅋㅋ"
2020-09-16 10:44:20,"0414 불돗개 🐕","방탄 이렇게 클 줄 알았으면"
2020-09-16 10:44:26,"0414 불돗개 🐕","관련주 끼적일걸"
2020-09-16 10:44:48,"0901 개불","전 장기적으로 주식보다는 자원쪽에 관심을 갖고있는데"
2020-09-16 10:44:53,"0901 개불","요즘 니켈을 좀 눈여겨보고있음"
2020-09-16 10:45:01,"0414 불돗개 🐕","오 이유는??"
2020-09-16 10:45:11,"0901 개불","니켈이 테슬라 전기차 배터리 만드는데 원료로 쓰이거든"
2020-09-16 10:45:23,"0901 개불","향후 전기차는 무조건 뜬다 본다면"
2020-09-16 10:45:32,"0901 개불","니켈이 장기적으로볼때 괜찮지않을까싶어서"
2020-09-16 10:45:36,"0901 개불","정보나 좀 모아볼까 생각중임"
2020-09-16 10:46:23,"0901 개불","사진"
2020-09-16 10:47:31,"1021 애플하수인📲","전기차 배터리 회사들도"
2020-09-16 10:47:39,"1021 애플하수인📲","엄청 오를거라고 작년에 강의에서 그랬는디"
2020-09-16 10:49:01,"0414 불돗개 🐕","이모티콘"
2020-09-16 10:49:08,"Mormon Buddhist 🧎🏻‍♀","근데 요즘 이거 엄청 핫하더라"
2020-09-16 10:49:36,"Mormon Buddhist 🧎🏻‍♀","우리 학원 건물 3층에 식료품 창고있구 1층에 배민라이더스 집합소 있는데"
2020-09-16 10:49:39,"Mormon Buddhist 🧎🏻‍♀","진짜 연령대도 다양하고"
2020-09-16 10:49:41,"Mormon Buddhist 🧎🏻‍♀","엄청 많아 사람"
2020-09-16 10:49:59,"1021 애플하수인📲","투잡 안하고도 잘 살수있는 나라가 되어야하는데"
2020-09-16 10:50:02,"1021 애플하수인📲","흑흑"
2020-09-16 10:50:49,"Mormon Buddhist 🧎🏻‍♀","요즘 워낙 살기가 어려워져서...."
2020-09-16 10:51:23,"Mormon Buddhist 🧎🏻‍♀","ㅠㅠ"
2020-09-16 10:51:54,"0414 불돗개 🐕","정말 쉽지 않군 ㅠㅠㅠ"
2020-09-16 10:51:57,"0414 불돗개 🐕","이모티콘"
2020-09-16 10:52:32,"Mormon Buddhist 🧎🏻‍♀","경제공부를 위해....팟캐스트도 들으려고 노력중,,,"
2020-09-16 10:53:29,"1021 애플하수인📲","다음생에는"
2020-09-16 10:53:33,"1021 애플하수인📲","만수르 아들로 태어날게요!"
2020-09-16 11:44:13,"지윤","사진"
2020-09-16 11:44:19,"지윤","저 듀얼모니터로"
2020-09-16 11:44:36,"지윤","패드 쪽에는 인강 노트북으론 코드 칩니다"
2020-09-16 11:45:12,"Mormon Buddhist 🧎🏻‍♀","이거죠...."
2020-09-16 11:45:14,"Mormon Buddhist 🧎🏻‍♀","이겁니다!!!!!!!!!!!!!!"
2020-09-16 11:45:20,"Mormon Buddhist 🧎🏻‍♀","제가 생각한 그림이에요.."
2020-09-16 11:45:48,"0901 개불","맥북프로다"
2020-09-16 11:46:55,"지윤","지리죠 "
2020-09-16 11:46:57,"지윤","지렸습니다"
2020-09-16 11:48:09,"Mormon Buddhist 🧎🏻‍♀","맥북프로를 통해 윤택한 삶을 즐기고 계신가요 지윤씨"
2020-09-16 11:48:21,"Mormon Buddhist 🧎🏻‍♀","어때요 맥북프로"
2020-09-16 11:49:26,"1021 애플하수인📲","aorqnr"
2020-09-16 11:49:29,"1021 애플하수인📲","갖고싶다 맥북프로"
2020-09-16 11:50:19,"1021 애플하수인📲","누나보니까 이거 생각남"
2020-09-16 11:50:37,"1021 애플하수인📲","사진"
2020-09-16 11:50:41,"1021 애플하수인📲","현실이 되었다"
2020-09-16 11:50:45,"Mormon Buddhist 🧎🏻‍♀","ㅋㅋㅋㅋㅋㅋㅋㅋㅋㅋㅋㅋㅋㅋㅋ"
2020-09-16 11:50:52,"Mormon Buddhist 🧎🏻‍♀","성공했다 지윤씨..."
2020-09-16 11:50:57,"Mormon Buddhist 🧎🏻‍♀","멋지다 멋져!"
2020-09-16 11:51:05,"Mormon Buddhist 🧎🏻‍♀","ㅋㅋㅋㅋㅋㅋㅋㅋㅋㅋㅋ너무 풋풋해.."
2020-09-16 11:52:35,"1021 애플하수인📲","ㅋㅋㅋㅋㅋㅋㅋㅋ"
2020-09-16 12:11:43,"0414 불돗개 🐕","ㅋㅋㅋㅋㅋㅋㅋㅋㅋㅋㅋㅋㅋㅋㅋㅁㅋㅋㅋㅊㅋㅋㅋ"
2020-09-16 12:12:09,"Mormon Buddhist 🧎🏻‍♀","이제 맥북프로랑 아이패드 들고"
2020-09-16 12:12:11,"Mormon Buddhist 🧎🏻‍♀","행복합니다"
2020-09-16 12:12:14,"Mormon Buddhist 🧎🏻‍♀","사진 한 방 찍으면"
2020-09-16 12:12:17,"Mormon Buddhist 🧎🏻‍♀","완벽하다"
2020-09-16 12:13:33,"0414 불돗개 🐕","귀에는 에어팟 꽂아주시고"
2020-09-16 12:13:51,"0414 불돗개 🐕","이왕 찍을거 검은 목폴라두요"
2020-09-16 12:13:54,"Mormon Buddhist 🧎🏻‍♀","ㅋㅋㅋㅋㅋㅋㅋㅋㅋㅋㅋㅋㅋㅋㅋ"
2020-09-16 12:13:56,"Mormon Buddhist 🧎🏻‍♀","청바지두요"
2020-09-16 12:13:59,"Mormon Buddhist 🧎🏻‍♀","스니커즈에.."
2020-09-16 12:14:14,"0414 불돗개 🐕","이모티콘"
2020-09-16 13:16:22,"0414 불돗개 🐕","https://www.youtube.com/watch?v=MN4zQp2rny8"
2020-09-16 13:16:36,"0414 불돗개 🐕","일하면서 듣기도 좋네욤"
2020-09-16 14:34:04,"1021 애플하수인📲","https://m.smartstore.naver.com/haagendazstore/products/5112086321?site_preference=device&NaPm="
2020-09-16 14:34:09,"1021 애플하수인📲","라스트 찬스"
2020-09-16 14:34:26,"0414 불돗개 🐕","12월1일이요?"
2020-09-16 14:34:28,"0414 불돗개 🐕","ㅋㅋㅋㅋㅋㅋㅋㅋㅋㅋㅋ"
2020-09-16 14:34:49,"1021 애플하수인📲","나는 까먹고 있을거야"
2020-09-16 14:34:52,"1021 애플하수인📲","그러면 오겠지 ㅎ"
2020-09-16 14:39:24,"Mormon Buddhist 🧎🏻‍♀","ㅋㅋㅋㅋㅋㅋㅋㅋㅋㅋㅋㅋㅋㅋㅋㅋㅋㅋㅋ"
2020-09-16 14:39:29,"Mormon Buddhist 🧎🏻‍♀","거의 뭐 크리스마스 선물 숮 ㅜㄴ"
2020-09-16 14:39:30,"Mormon Buddhist 🧎🏻‍♀","수준"
2020-09-16 14:39:31,"Mormon Buddhist 🧎🏻‍♀","ㅠ"
2020-09-16 14:48:06,"1021 애플하수인📲","ㅋㅋㅋㅋㅋㅋㅋㅋㅋ"
2020-09-16 14:53:36,"0901 개불","미친 12월"
2020-09-16 14:53:37,"0901 개불","ㅋㅋㅋㅋㅋㅋ"
2020-09-16 14:56:07,"지윤","다이루었다"
2020-09-16 14:56:46,"지윤","나 에어팟 세탁기에 돌렸어.. 망가짐"
2020-09-16 15:04:55,"Mormon Buddhist 🧎🏻‍♀","아아....이런......ㅠㅠㅠㅠㅠㅠ마음아파..."
2020-09-16 15:08:23,"지윤","눈물이나아"
2020-09-16 15:08:28,"지윤","한창 정신 못차릴때"
2020-09-16 15:08:36,"지윤","에베베 하다가 옷에넣고 그냥 빨아버렸나봐"
2020-09-16 15:08:50,"지윤","하나는 세탁기 다른 한쪽은 어디에 있는지도 모르겠오"
2020-09-16 15:08:57,"Mormon Buddhist 🧎🏻‍♀","그럼 지금 다시 이어폰으로 돌아오신건가요 지윤시..."
2020-09-16 15:09:12,"1021 애플하수인📲","헉스..."
2020-09-16 16:11:25,"0414 불돗개 🐕","줄...있는게 요새 또 힙이래요!!!!"
2020-09-16 16:11:34,"0414 불돗개 🐕","더 빨리 들을 수 있기도 하고!!!!"
2020-09-16 16:12:01,"0901 개불","충전안해도 됑"
2020-09-16 16:12:44,"0414 불돗개 🐕","개쯘다!"
2020-09-16 16:12:46,"0414 불돗개 🐕","이모티콘"
2020-09-16 16:22:24,"Mormon Buddhist 🧎🏻‍♀","잃어버릴 일 없음."
2020-09-16 16:22:32,"Mormon Buddhist 🧎🏻‍♀","이모티콘"
2020-09-16 16:23:07,"1021 애플하수인📲","이모티콘"
2020-09-16 16:25:08,"0901 개불","이모티콘"
2020-09-17 14:35:41,"0901 개불","사진"
2020-09-17 14:35:44,"0901 개불","회사메신저 프사바꿈"
2020-09-17 14:37:13,"1021 애플하수인📲","이게 그 카카오워크인가"
2020-09-17 14:42:01,"Mormon Buddhist 🧎🏻‍♀","어떤 깊은 의미가 있는건가요,,,"
2020-09-17 14:43:47,"0901 개불","ㄴㄴ네이트온임"
2020-09-17 14:43:51,"0901 개불","쥐꼬리만한 월급받는 내 표정"
2020-09-17 14:44:46,"Mormon Buddhist 🧎🏻‍♀","ㅠㅠ"
2020-09-17 14:45:09,"Mormon Buddhist 🧎🏻‍♀","차경민 대리의 몸값 인상을 원한다!!!!!!!!!!!!!!!!!"
2020-09-17 14:49:15,"1021 애플하수인📲","이모티콘"
2020-09-17 14:49:56,"0414 불돗개 🐕","ㅋㅋㅋㅋㅋㅋㅋㅋㅋㅋㅋㅋㅋㅋㅋㅋㅋㅋㅋㅋㅋㅋㅋㅋㅋㅋㅋㅋㅋㅋㅋㅋㅋㅋㅋㅋ"
2020-09-17 14:49:58,"0414 불돗개 🐕","존나웃기네"
2020-09-17 14:50:01,"0414 불돗개 🐕","뭐가 바뀐건가했네"
2020-09-17 14:50:16,"0901 개불","ㅎㅎ"
2020-09-17 17:18:17,"0901 개불","ios14 올리십쇼들"
2020-09-17 17:20:29,"1021 애플하수인📲","이미 완료"
2020-09-17 17:20:37,"1021 애플하수인📲","안드로이드 같아짐"
2020-09-17 17:20:59,"0901 개불","위젯추가ㅋㅋ"
2020-09-17 17:21:07,"0901 개불","이제서야 위젯추가가됐다는게 놀라움"
2020-09-17 17:27:20,"0414 불돗개 🐕","오?"
2020-09-17 17:27:21,"0414 불돗개 🐕","어때"
2020-09-17 17:27:24,"0414 불돗개 🐕","추천해?"
2020-09-17 17:28:21,"1021 애플하수인📲","쓸만함"
2020-09-17 17:28:52,"0901 개불","난 하는중"
2020-09-17 17:28:56,"0901 개불","좀아까 사무실에서 시작했는데"
2020-09-17 17:28:58,"0901 개불","11시간남은거 무엇"
2020-09-17 17:29:09,"1021 애플하수인📲","나 20분맘에 되던데"
2020-09-17 17:31:38,"0901 개불","회사 와파가 구린가"
2020-09-17 17:32:27,"Mormon Buddhist 🧎🏻‍♀","ㄱ렇담 저두 도전.."
2020-09-17 17:49:14,"Mormon Buddhist 🧎🏻‍♀","용량없어서 어플 정리하고 이제야 다운로드,,,,다음 핸드폰은 무조건 128기가로......ㅠ"
2020-09-17 17:50:37,"0901 개불","아마 이제 애플에서 64는 안내놓을거같기도함"
2020-09-17 17:51:39,"1021 애플하수인📲","짐짜 넘 부족함"
2020-09-17 17:58:36,"0901 개불","12는 모르겠는데"
2020-09-17 17:58:41,"0901 개불","12프로라인은 64없앨듯"
2020-09-17 17:58:48,"Mormon Buddhist 🧎🏻‍♀","오빠는 몇이야"
2020-09-17 17:58:49,"Mormon Buddhist 🧎🏻‍♀","64?"
2020-09-17 17:58:54,"0901 개불","ㅇㅇ나 64"
2020-09-17 17:59:00,"Mormon Buddhist 🧎🏻‍♀","128은 되야 쾌적한 삶이 가능할 것 같아...."
2020-09-17 17:59:14,"Mormon Buddhist 🧎🏻‍♀","한 2년 가까이 쓰니까 뭐만 하려하면 지우고 깔고 지우고 깔고ㅠ"
2020-09-17 18:11:12,"1021 애플하수인📲","사진 전부다 드라이브에 때려박으니"
2020-09-17 18:11:16,"1021 애플하수인📲","그나마 나음.."
2020-09-17 18:23:38,"Mormon Buddhist 🧎🏻‍♀","구글드라이브?"
2020-09-17 18:24:32,"Mormon Buddhist 🧎🏻‍♀","네이버 클라우드 남은 용량 야금야금 채우는중..."
2020-09-17 18:33:11,"0414 불돗개 🐕","ㅋㅋㅋㅋ나도 네이버 드라이브 30GB 다 채우고"
2020-09-17 18:33:16,"0414 불돗개 🐕","2019년 사진부터는 폰에 둠"
2020-09-18 09:08:48,"0901 개불","지선쓰 300일 ㅊㅋ"
2020-09-18 09:09:47,"지윤","두 분다 300일 축하드려요"
2020-09-18 09:15:29,"0414 불돗개 🐕","오빠랑 300일💙"
2020-09-18 09:15:44,"0414 불돗개 🐕","맥락만 보면 둘이 사귀는줄알겠네💙"
2020-09-18 09:15:50,"0414 불돗개 🐕","ㅋㅋㅋㅋㅋㅋㅋㅋㅋ"
2020-09-18 09:15:51,"0901 개불","ㅋㅋㅋㅋㅋㅋㅋㅋㅋㅋ"
2020-09-18 09:16:03,"0901 개불","난 아직도 그 때를 잊지못함"
2020-09-18 09:16:05,"0901 개불","셋 모두 당황"
2020-09-18 09:18:41,"Mormon Buddhist 🧎🏻‍♀","ㅋㅋㅋㅋㅋㅋㅋㅋㅋㅋㅋㅋㅋㅋㅋㅋㅋㅋ"
2020-09-18 09:18:50,"Mormon Buddhist 🧎🏻‍♀","아이 진짴ㅋㅋㅋㅋㅋㅋㅋㅋㅋㅋㅋㅋㅋㅋㅋㅋ"
2020-09-18 09:18:52,"0414 불돗개 🐕","ㅋㅋㅋㅋㅋㅋㅋ그때 각잡고 장난쳤으면"
2020-09-18 09:18:56,"0414 불돗개 🐕","불려갔을걸.."
2020-09-18 09:19:06,"0901 개불","나중에 우리 뚜까맞았을수도있음"
2020-09-18 09:19:08,"Mormon Buddhist 🧎🏻‍♀","생각회로 정지....."
2020-09-18 09:20:57,"0414 불돗개 🐕","언니 남자는 가대야만 있어? 가대야만 남자냐고 퍽퍽"
2020-09-18 09:21:00,"0901 개불","사진"
2020-09-18 09:21:13,"지윤","ㅋㅋㅋㅋㅋ"
2020-09-18 09:21:15,"0414 불돗개 🐕","ㅋㅋㅋㅋㅋㅋㅋㅋㅋㅋㅋㅋㅋㅋ켘ㅋㅋㅋㅋ"
2020-09-18 09:21:18,"0414 불돗개 🐕","갠플ㅋㅋㅋㅋㅋㅋ"
2020-09-18 09:21:33,"지윤","성모병원 ㅋㅋㅋㅋㅋ"
2020-09-18 09:21:59,"0901 개불","저거"
2020-09-18 09:22:03,"0901 개불","15년도에 해놓은건데"
2020-09-18 09:22:05,"0901 개불","아직도있네"
2020-09-18 09:22:50,"0414 불돗개 🐕","애새끼들로부터 발암이 시작되어"
2020-09-18 09:22:57,"0414 불돗개 🐕","함께 치료하던 환우들은 커서 어느덧"
2020-09-18 09:23:04,"0414 불돗개 🐕","사회에 찌들어 다시 병동을 찾게 되는데,,"
2020-09-18 09:23:12,"지윤","....ㅠ"
2020-09-18 09:23:15,"지윤","비극이네요"
2020-09-18 09:24:24,"0414 불돗개 🐕","사진"
2020-09-18 09:24:26,"0414 불돗개 🐕","어제 엄마랑 산책했는데"
2020-09-18 09:24:35,"0414 불돗개 🐕","저녁 이젠 걍 쌩가을가을하도라"
2020-09-18 09:24:47,"0414 불돗개 🐕","가을 배송 잘 받았어요! 언제오나했는데 ㅠㅠ"
2020-09-18 09:25:38,"0901 개불","어제 트렌치꺼내놓고 아침에 고민하다가 일단 안입고 출근"
2020-09-18 09:27:30,"0414 불돗개 🐕","오빠 그 팔한쪽 색바랜 코트 예뻤는데 ㅠㅠ"
2020-09-18 09:31:18,"0901 개불","ㅠㅜ"
2020-09-18 10:21:20,"1021 애플하수인📲","지금 봐도 신기하다 둘다 300닐"
2020-09-18 10:22:04,"0414 불돗개 🐕","이모티콘"
2020-09-18 11:11:09,"1021 애플하수인📲","이모티콘"
2020-09-22 15:19:41,"0901 개불","사진"
2020-09-22 15:20:50,"1021 애플하수인📲","300"
2020-09-22 15:21:05,"1021 애플하수인📲","하지만 이미 축하했었군"
2020-09-22 15:21:49,"0414 불돗개 🐕","여가 워딘디"
2020-09-22 15:22:22,"0901 개불","ㅋㅋㅋ"
2020-09-22 15:22:26,"0901 개불","여기 광교호수공원"
2020-09-22 15:22:42,"0901 개불","나 어릴때 원천랜드와서 두더지잡기하고 그랬던 동네인데"
2020-09-22 15:22:43,"0901 개불","이렇게 발전함"
2020-09-22 15:22:54,"0901 개불","그때 여기 땅 사놨어야.."
2020-09-22 15:26:01,"1021 애플하수인📲","광교역의 힘인가"
2020-09-22 15:28:08,"0901 개불","광교역은 오히려 경기대쪽이라 구석이고"
2020-09-22 15:28:14,"0901 개불","광교중앙역 여기가 핫하드만"
2020-09-22 15:28:25,"0901 개불","옆앞에 롯데아울렛이랑 갤러리아도 있고"
2020-09-22 15:28:29,"0901 개불","역 자체가 잠실처럼"
2020-09-22 15:28:33,"0901 개불","지하2층은 지하철"
2020-09-22 15:28:37,"0414 불돗개 🐕","두더지 ㅋㅋㅋㅋㅋㅋㅋㅋㅋㅋ"
2020-09-22 15:28:39,"0901 개불","지하1층은 버스환승센터해서"
2020-09-22 15:28:42,"0901 개불","개잘만들어놨음"
2020-09-22 15:28:49,"0901 개불","아파트도 짱많고"
2020-09-22 15:29:01,"1021 애플하수인📲","강남쪽 회사면 저쪽도"
2020-09-22 15:29:04,"1021 애플하수인📲","살만하지 않나.."
2020-09-22 15:29:08,"0901 개불","진짜 나 어릴때 사진보면 아빠한테 안겨서 두더지잡기하는거 몇장있음"
2020-09-22 15:29:22,"0901 개불","ㅇㅇ신분당 잘뚫려있어서 강남까지 30분"
2020-09-22 15:29:34,"1021 애플하수인📲","강남 회사 잡으면 수원 사는것도"
2020-09-22 15:29:37,"1021 애플하수인📲","괜찮을듯"
2020-09-22 15:30:01,"0901 개불","신분당라인이면 괜춘"
2020-09-22 15:30:09,"0901 개불","근데 아니면 거의 한시간반잡아야댐 출근시간"
2020-09-22 15:30:15,"0901 개불","버스타도 헬"
2020-09-22 15:30:16,"0901 개불","지하철도 헬"
2020-09-22 15:31:57,"1021 애플하수인📲","일산은 어디든 헬"
2020-09-22 15:32:04,"1021 애플하수인📲","여기서 출퇴근 하는사람들 진짜 존경"
2020-09-22 15:45:39,"Mormon Buddhist 🧎🏻‍♀","이곳이 그 보급형 더베이101 수원 광교호수공원이가..."
2020-09-22 15:59:04,"0414 불돗개 🐕","일하다 봐서 안겨서 두더지맞았다는줄"
2020-09-22 15:59:25,"0414 불돗개 🐕","갤러리아 백화점 내부는 엄청 좋은데"
2020-09-22 15:59:33,"0414 불돗개 🐕","외관은 볼때마다 이상함"
2020-09-22 16:00:24,"0901 개불","디자인의 세계는 심오함"
2020-09-22 16:06:25,"1021 애플하수인📲","린정.."
2020-09-22 16:06:29,"1021 애플하수인📲","저기 근데 이쁘긴 이쁘다"
2020-09-22 16:18:47,"0414 불돗개 🐕","요새 날씨도 좋아서"
2020-09-22 16:18:50,"0414 불돗개 🐕","행보쿠야"
2020-09-22 16:18:57,"0414 불돗개 🐕","코로나만 아니면 더할나위 없겠어"
2020-09-22 16:19:06,"0414 불돗개 🐕","러닝할때 마스크 안쓰고싶어"
2020-09-22 16:19:19,"Mormon Buddhist 🧎🏻‍♀","진짜.....ㅠ"
2020-09-22 16:19:27,"Mormon Buddhist 🧎🏻‍♀","오늘 점심에 청계천 근처 산책하는데"
2020-09-22 16:19:35,"Mormon Buddhist 🧎🏻‍♀","진짜 행복이 이런걸까...생각함....ㅠ"
2020-09-22 16:26:11,"1021 애플하수인📲","드라마 보다가"
2020-09-22 16:26:14,"1021 애플하수인📲","마스크 안쓴거 보면"
2020-09-22 16:26:16,"1021 애플하수인📲","흠칫한다"
2020-09-22 16:31:44,"0414 불돗개 🐕","마스크 닿는 라인따라 진정팩도 나오더라"
2020-09-22 18:04:16,"1021 애플하수인📲","마스크 진짜 피부 상하게 하지 ㅠ"
2020-09-22 21:23:20,"0414 불돗개 🐕","오빠 인스타에 어그로 끌려다 말았다"
2020-09-22 21:23:23,"0414 불돗개 🐕","ㅋㅋㅋㅋㅋㅋㅋㅋㅋㅋㅋㅋㅋㅋㅋㅋㅋㅋ"
2020-09-22 21:23:46,"0414 불돗개 🐕","300일 축하해~ 서로 잘 지내보자^^"
2020-09-22 21:23:53,"0414 불돗개 🐕","ㅋㅋㅋㅋㅋㅋㅋㅋㅋㅋ"
2020-09-22 21:33:04,"0901 개불","ㅋㅋㅋㅋㅋㅋㅋㅋㅋㅋㅋㅋㅋ"
2020-09-22 21:33:18,"지윤","ㅋㅋㅋㅋ 틀린말은 아님"
2020-09-22 21:33:39,"0901 개불","개웃기넼ㅋㅋㅋㅋ"
2020-09-22 21:34:09,"0414 불돗개 🐕","ㅋㅋㅋㅋㅋㅋㅋㅋㅋㅋㅋㅋ"
2020-09-22 21:34:23,"0414 불돗개 🐕","더이상의 물의는 네이버..⭐️"
2020-09-22 21:42:53,"1021 애플하수인📲","ㅋㅋㅋㅋㅋㅋㅋㅋㅋㅋㅋㅋㅋ"
2020-09-22 21:47:33,"Mormon Buddhist 🧎🏻‍♀","ㅋㅋㅋㅋㅋㅋㅋㅋㅋㅋㅋㅋㅋㅋㅋㅋ"
2020-09-26 16:54:46,"Mormon Buddhist 🧎🏻‍♀","길을 걷다 갑자기 경민오빠 향이 나서 흠칫하면서 설마 여기에 오빠가....?"
2020-09-26 16:54:49,"Mormon Buddhist 🧎🏻‍♀","했지만 그는 없었다....."
2020-09-26 16:54:54,"지윤","ㅋㅋㅋㅋㅋ"
2020-09-26 16:54:56,"지윤","그의향..."
2020-09-26 16:55:02,"Mormon Buddhist 🧎🏻‍♀","그의 향기........"
2020-09-26 16:55:15,"Mormon Buddhist 🧎🏻‍♀","후...희귀한 향기인데 말이지..."
2020-09-26 16:55:24,"Mormon Buddhist 🧎🏻‍♀","날 발견하고 숨은건가..."
2020-09-26 16:56:42,"0901 개불","이모티콘"
2020-09-26 17:00:34,"0414 불돗개 🐕","ㅋㅋㅋㅋㅋㅋㅋㅋㅋㅋㅋㅋㅋㅋㅋㅋㅋㅋ"
2020-09-26 17:00:40,"0414 불돗개 🐕","옴팡이 닮았네"
2020-09-26 17:33:33,"1021 애플하수인📲","ㅋㅋㅋㅋㅋㅋㅋㅋㅋㅋ"
2020-09-26 18:18:53,"0901 개불","옴팡이입니당"
2020-09-26 19:15:48,"0414 불돗개 🐕","차옴팡"
2020-09-29 13:44:35,"지윤","오늘다들 모해?"
2020-09-29 13:47:30,"Mormon Buddhist 🧎🏻‍♀","오늘은 열심히 수업듣고...집으로 갑니다...."
2020-09-29 13:47:47,"지윤","저 오늘 일찍 끝났는데"
2020-09-29 13:47:51,"지윤","접선 전머양"
2020-09-29 13:48:11,"Mormon Buddhist 🧎🏻‍♀","하오 하오~~~근데 저 여섯시반 종로 끝이요ㅠ"
2020-09-29 13:49:24,"지윤","웅웅 그 근처에서 저도 할 일 하규 있음 될드ㅛ요"
2020-09-29 13:49:49,"0414 불돗개 🐕","부럽따!"
2020-09-29 13:49:56,"0414 불돗개 🐕","미린이 수업 잘 듣고 있어?"
2020-09-29 13:50:00,"지윤","언니 야근이야?"
2020-09-29 13:51:11,"Mormon Buddhist 🧎🏻‍♀","오늘이 이제 이론수업 마지막날!!!! 앞으로 세달간은 계에에에속 푸로젝트..!"
2020-09-29 13:51:24,"Mormon Buddhist 🧎🏻‍♀","연정이는 오늘 모하니"
2020-09-29 13:52:33,"0414 불돗개 🐕","푸 로 젝 트!!!!"
2020-09-29 13:52:38,"0414 불돗개 🐕","나는 야근까진 아니지만"
2020-09-29 13:52:40,"지윤","꺄악"
2020-09-29 13:52:45,"0414 불돗개 🐕","몸이 조금 좋지 않아서 일찍 가보려고..."
2020-09-29 13:52:46,"지윤","미린이도 거기 정리되면"
2020-09-29 13:52:48,"0414 불돗개 🐕","여러분"
2020-09-29 13:52:55,"지윤","언니랑 나 파이썬 공부하는데"
2020-09-29 13:52:56,"0414 불돗개 🐕","3키로 16분30초대로 뛰면"
2020-09-29 13:52:57,"지윤","함께하자"
2020-09-29 13:52:59,"0414 불돗개 🐕","죽어요.."
2020-09-29 13:53:00,"지윤","헐 언니....."
2020-09-29 13:53:01,"지윤","ㅠㅠㅠㅠ"
2020-09-29 13:53:14,"0414 불돗개 🐕","여군 기준 1급 찍고"
2020-09-29 13:53:16,"0414 불돗개 🐕","쓰러짐.."
2020-09-29 13:53:19,"지윤","디진다 진짜"
2020-09-29 13:53:23,"0414 불돗개 🐕","나는 진짜 왜그럴까?"
2020-09-29 13:53:24,"0414 불돗개 🐕","ㅋㅋㅋㅋㅋㅋㅋㅋㅋㅋㅋㅋㅋㅋㅋㅋ"
2020-09-29 13:53:25,"지윤","언니 멋있지만"
2020-09-29 13:53:27,"지윤","좀"
2020-09-29 13:53:28,"0414 불돗개 🐕","아무도 안시켰는데 ㅜ"
2020-09-29 13:53:30,"지윤","사려가면서해..."
2020-09-29 13:53:46,"지윤","건강하려고 뛰는건데"
2020-09-29 13:53:49,"지윤","건강상해요"
2020-09-29 13:55:05,"Mormon Buddhist 🧎🏻‍♀","좋아 저도 할래요."
2020-09-29 13:55:48,"지윤","미린이 혹시 매일 자습하니?"
2020-09-29 13:56:07,"지윤","우리 공부인증 톡에 초대해줄깤ㅋㅋㅋㅋㅋㅋㅋㅋ"
2020-09-29 13:56:15,"지윤","(어제 인증 안해서 오늘 해야하는 사람)"
2020-09-29 13:58:39,"Mormon Buddhist 🧎🏻‍♀","이 톡엔 또 누가있는거에요"
2020-09-29 13:58:40,"Mormon Buddhist 🧎🏻‍♀","ㅋㅋㅋㅋㅋㅋㅋㅋㅋㅋㅋㅋㅋㅋㅋㅋㅋㅋㅋㅋㅋㅋㅋㅋㅋㅋㅋㅋㅋㅋㅋㅋ"
2020-09-29 13:58:47,"지윤","지선 지윤 토미"
2020-09-29 13:58:57,"Mormon Buddhist 🧎🏻‍♀","좋아요.....전 지금 abap만 하고 있긴 하지만....."
2020-09-29 13:59:00,"Mormon Buddhist 🧎🏻‍♀","일단...."
2020-09-29 13:59:00,"1021 애플하수인📲","저는 요즘"
2020-09-29 13:59:04,"지윤","우리 다 다른 공부해"
2020-09-29 13:59:05,"지윤","ㅋㅋㅋㅋ"
2020-09-29 13:59:08,"Mormon Buddhist 🧎🏻‍♀","ㅋㅋㅋㅋㅋㅋㅋㅋㅋㅋㅋㅋㅋㅋ"
2020-09-29 13:59:12,"지윤","나와라"
2020-09-29 13:59:12,"Mormon Buddhist 🧎🏻‍♀","아 다 파이썬 아니고?"
2020-09-29 13:59:17,"Mormon Buddhist 🧎🏻‍♀","나와 정연."
2020-09-29 13:59:20,"지윤","10월부턴 파이썬인데"
2020-09-29 13:59:22,"1021 애플하수인📲","사강- 줌수업-점심- 자격증 스터디 - 헬스 - 자격증 공부 - 자소서"
2020-09-29 13:59:23,"Mormon Buddhist 🧎🏻‍♀","나 요즘 당신ㅇ ㅣ 준 립밤으로"
2020-09-29 13:59:24,"지윤","일단 가습"
2020-09-29 13:59:26,"1021 애플하수인📲","이순서대로 살아가고 있습니다"
2020-09-29 13:59:34,"Mormon Buddhist 🧎🏻‍♀","너무 달콤한 바닐라향을 느끼며 살아가고있어"
2020-09-29 13:59:36,"Mormon Buddhist 🧎🏻‍♀","너무 좋아"
2020-09-29 13:59:38,"Mormon Buddhist 🧎🏻‍♀","그 립밤."
2020-09-29 13:59:47,"1021 애플하수인📲","고로 지금은 자격증 스터디를 해야합니다..."
2020-09-29 14:00:43,"1021 애플하수인📲","여러분 오늘 만나요?"
2020-09-29 14:01:26,"Mormon Buddhist 🧎🏻‍♀","저는 만납니다"
2020-09-29 14:01:26,"Mormon Buddhist 🧎🏻‍♀","후후"
2020-09-29 14:01:27,"지윤","나 미린은 만날듯"
2020-09-29 14:03:12,"0414 불돗개 🐕","헐 미친"
2020-09-29 14:03:15,"0414 불돗개 🐕","나도 오늘 다시 꺼냈는데"
2020-09-29 14:03:16,"0414 불돗개 🐕","ㅋㅋㅋㅋㅋㅋㅋㅋㅋㅋㅋㅋㅋ"
2020-09-29 14:03:18,"지윤","미린이 무슨역이서 가깝지?"
2020-09-29 14:03:27,"Mormon Buddhist 🧎🏻‍♀","저 종각 종로3가"
2020-09-29 14:03:32,"Mormon Buddhist 🧎🏻‍♀","어디든 좋아요"
2020-09-29 14:03:33,"Mormon Buddhist 🧎🏻‍♀","!"
2020-09-29 14:03:34,"1021 애플하수인📲","공부하러 만나는 건가여"
2020-09-29 14:03:38,"지윤","오키 종각어딘가로 감"
2020-09-29 14:03:40,"1021 애플하수인📲","가서 문제 풀어도됨..?"
2020-09-29 14:03:45,"지윤","나는 미린이 오기 전까지 공부하다가"
2020-09-29 14:03:46,"0414 불돗개 🐕","ㅋㅋㅋㅋㅋㅋㅋㅋㅋㅋㅋㅋㅋㅋㅋㅋㅋㅋㅋㅋㅋㅋㅋㅋㅋ"
2020-09-29 14:03:51,"0414 불돗개 🐕","존나 귀여운 질문"
2020-09-29 14:03:51,"지윤","미린이 만나서 밥먹지않을까"
2020-09-29 14:03:52,"0901 개불","ㅋㅋㅋㅋㅋㅋㅋㅋㅋㅋㅋㅋㅋㅋㅋㅋㅋㅋㅋㅋㅋㅋㅋㅋㅋㅋㅋㅋㅋㅋㅋㅋㅋㅋㅋㅋㅋㅋㅋㅋㅋㅋㅋㅋ"
2020-09-29 14:03:55,"지윤","졸귀넼ㅋㅋㅋㅋ"
2020-09-29 14:03:58,"0901 개불","만났는데"
2020-09-29 14:04:02,"0901 개불","말없이 문제만 풀고"
2020-09-29 14:04:04,"1021 애플하수인📲","토요일날 시험이라 1회분은 풀어야해"
2020-09-29 14:04:06,"1021 애플하수인📲","ㅋㅋㅋㅋㅋㅋㅋㅋㅋㅋㅋㅋㅋㅋㅋㅋㅋㅋㅋㅋ"
2020-09-29 14:04:10,"0901 개불","전 10월9일을 기약하겠어여"
2020-09-29 14:04:24,"1021 애플하수인📲","근데 나 예지랑 스터디 끝나면 3시반 쯤임"
2020-09-29 14:04:27,"0901 개불","요즘 아이폰11pro로 갈까 12나오는거 기다릴까 고민임"
2020-09-29 14:04:28,"1021 애플하수인📲","여러분 몇시에 만나여"
2020-09-29 14:04:30,"Mormon Buddhist 🧎🏻‍♀","나도 너 만나서 그때 중국어 문제 풀었잖앜ㅋㅋㅋㅋㅋㅋㅋㅋㅋㅋㅋㅋㅋㅋㅋㅋㅋㅋㅋㅋㅋㅋㅋㅋㅋㅋㅋㅋㅋㅋㅋㅋㅋㅋㅋ"
2020-09-29 14:04:34,"1021 애플하수인📲","pro Good"
2020-09-29 14:04:40,"Mormon Buddhist 🧎🏻‍♀","만나서 공부만 함"
2020-09-29 14:04:42,"Mormon Buddhist 🧎🏻‍♀","ㅋㅋㅋㅋㅋㅋㅋㅋㅋㅋ"
2020-09-29 14:04:45,"1021 애플하수인📲","12 충전기 없고 이어폰 없ㅇㅁ"
2020-09-29 14:04:46,"지윤","미린이 6:30분에 올것"
2020-09-29 14:04:50,"1021 애플하수인📲","11pro 고속충전기줌"
2020-09-29 14:04:52,"1021 애플하수인📲","아 그러면"
2020-09-29 14:04:54,"1021 애플하수인📲","가보도록 노력해볼게요"
2020-09-29 14:04:56,"지윤","ㅇㅋ"
2020-09-29 14:05:02,"1021 애플하수인📲","요즘 시국에 스터디는"
2020-09-29 14:05:05,"1021 애플하수인📲","행아웃으로 합니다"
2020-09-29 14:05:09,"1021 애플하수인📲","신선하쥬"
2020-09-29 14:05:18,"지윤","ㅋㅋㅋㅋㅋ 우리 독서모임도 줌으로 했음"
2020-09-29 14:06:10,"1021 애플하수인📲","행아웃하세요 여러분"
2020-09-29 14:06:19,"1021 애플하수인📲","줌 거지같은건 30분 밖에 안주는데"
2020-09-29 14:06:26,"1021 애플하수인📲","행아웃은 훨씬 가볍고 시간 제한도 없는 구글 것"
2020-09-29 14:06:34,"Mormon Buddhist 🧎🏻‍♀","오호"
2020-09-29 14:07:03,"0414 불돗개 🐕","나는 마이크로소프트 팀즈"
2020-09-29 14:07:42,"1021 애플하수인📲","줌 중국산이라"
2020-09-29 14:07:46,"1021 애플하수인📲","안쓰려고 노력함"
2020-09-29 14:08:32,"Mormon Buddhist 🧎🏻‍♀","아?"
2020-09-29 14:08:36,"Mormon Buddhist 🧎🏻‍♀","중국산이야???????????????"
2020-09-29 14:08:37,"Mormon Buddhist 🧎🏻‍♀","미친"
2020-09-29 14:08:38,"Mormon Buddhist 🧎🏻‍♀","몰랐어"
2020-09-29 14:09:03,"Mormon Buddhist 🧎🏻‍♀","너무나 부드럽고 좋은것...."
2020-09-29 14:09:11,"Mormon Buddhist 🧎🏻‍♀","쳌호 립밤 만세..."
2020-09-29 14:11:12,"1021 애플하수인📲","쳌호 립밤이 뭐죠"
2020-09-29 14:11:16,"지윤","나 구글밋도 쓰는데 갠찮음"
2020-09-29 14:11:28,"1021 애플하수인📲","내가 립밤 줬었나"
2020-09-29 14:11:34,"1021 애플하수인📲","나 치매인가"
2020-09-29 14:11:38,"1021 애플하수인📲","ㅋㅋㅋㅋㅋㅋㅋㅋㅋㅋㅋㅋㅋㅋㅋ"
2020-09-29 14:11:51,"Mormon Buddhist 🧎🏻‍♀","체코립밤 아니야...?"
2020-09-29 14:11:55,"1021 애플하수인📲","아"
2020-09-29 14:11:56,"Mormon Buddhist 🧎🏻‍♀","사진"
2020-09-29 14:11:57,"1021 애플하수인📲","발레아?"
2020-09-29 14:11:59,"Mormon Buddhist 🧎🏻‍♀","이거......"
2020-09-29 14:12:00,"1021 애플하수인📲","아 이거"
2020-09-29 14:12:02,"1021 애플하수인📲","독일산이야"
2020-09-29 14:12:06,"0414 불돗개 🐕","개좋아저거"
2020-09-29 14:12:07,"Mormon Buddhist 🧎🏻‍♀","아하"
2020-09-29 14:12:09,"Mormon Buddhist 🧎🏻‍♀","그럼 정정"
2020-09-29 14:12:13,"1021 애플하수인📲","그 독일 디엠에서"
2020-09-29 14:12:14,"Mormon Buddhist 🧎🏻‍♀","독일립밤 만세...!"
2020-09-29 14:12:14,"1021 애플하수인📲","파는건디"
2020-09-29 14:12:22,"1021 애플하수인📲","체코 디엠에도 팔았엉"
2020-09-29 14:12:31,"Mormon Buddhist 🧎🏻‍♀","넘 좋아"
2020-09-29 14:12:31,"1021 애플하수인📲","한국에서는 좀 비싸게팔더라"
2020-09-29 14:12:34,"1021 애플하수인📲","겁나 싼데"
2020-09-29 14:12:40,"Mormon Buddhist 🧎🏻‍♀","바이오더마만 썼는데"
2020-09-29 14:12:45,"Mormon Buddhist 🧎🏻‍♀","이거 향이 개인적으로 더 좋은듯"
2020-09-29 14:13:18,"1021 애플하수인📲","보니가 디엠 가고싶네요"
2020-09-29 14:13:20,"1021 애플하수인📲","아련하다"
2020-09-29 14:14:14,"1021 애플하수인📲","저거 필요하년 말해"
2020-09-29 14:14:22,"1021 애플하수인📲","집에 많음.. 쟁여왔어"
2020-09-29 14:14:24,"1021 애플하수인📲","ㅋㅋㅋㅋㅋㅋㅋㅋㅋㅋㅋㅋ"
2020-09-29 14:15:49,"Mormon Buddhist 🧎🏻‍♀","이제 갓 개봉해서ㅎㅎㅎㅎ필요해지면 말하겠습니당"
2020-09-29 14:16:24,"1021 애플하수인📲","오킈오킈"
2020-09-29 15:49:13,"1021 애플하수인📲","공화문"
2020-09-29 15:49:16,"1021 애플하수인📲","광화문으로 가면 되나여"
2020-09-29 15:54:56,"Mormon Buddhist 🧎🏻‍♀","종각이요"
2020-09-29 15:55:03,"Mormon Buddhist 🧎🏻‍♀","!!!"
2020-09-29 15:55:07,"Mormon Buddhist 🧎🏻‍♀","종각이나 종로3가"
2020-09-29 15:55:14,"Mormon Buddhist 🧎🏻‍♀","근처면 제가 꿑나고 가겠습니당"
2020-09-29 15:55:33,"0414 불돗개 🐕","즐거운 삼자대면 되시길 바랍니다..."
2020-09-29 15:55:43,"0414 불돗개 🐕","이모티콘"
2020-09-29 15:55:53,"0414 불돗개 🐕","넝마가 된 저는 회복하고 있을게요..."
2020-09-29 15:56:00,"0414 불돗개 🐕","이시국에 기침도 한다 ㅎ"
2020-09-29 15:57:00,"0901 개불","ㅠㅜ"
2020-09-29 15:57:03,"0901 개불","푹쉬고 어여 회복하셈.."
2020-09-29 15:57:14,"1021 애플하수인📲","리얼 이시국 감기는..."
2020-09-29 16:11:11,"지윤","ㅠㅠㅠ쾌차해 언니"
2020-09-29 17:26:24,"Mormon Buddhist 🧎🏻‍♀","지선쒸 빨리 쾌차하자ㅠㅠㅠ"
2020-09-29 17:30:33,"0414 불돗개 🐕","이모티콘"
2020-09-29 17:30:37,"0414 불돗개 🐕","다들 감사합니다"
2020-09-29 17:30:43,"0414 불돗개 🐕","여전히 따스한 사람들,,"
2020-09-29 18:28:16,"Mormon Buddhist 🧎🏻‍♀","열어분..."
2020-09-29 18:28:18,"Mormon Buddhist 🧎🏻‍♀","어디신가요..."
2020-09-29 18:28:26,"Mormon Buddhist 🧎🏻‍♀","저 3분뒤에 끝납니당"
2020-09-29 20:21:21,"Mormon Buddhist 🧎🏻‍♀","사진"
2020-09-29 21:05:33,"0414 불돗개 🐕","셋 셀카좀올려줘요"
2020-09-29 21:40:54,"Mormon Buddhist 🧎🏻‍♀","사진"
2020-09-29 21:41:00,"Mormon Buddhist 🧎🏻‍♀","즐거워요 여러뷴...."
2020-09-29 21:49:07,"0414 불돗개 🐕","ㅋㅋㅋㅋㅋㅋ"
2020-09-29 21:49:14,"0414 불돗개 🐕","어디여요 저긴"
2020-09-29 21:54:17,"Mormon Buddhist 🧎🏻‍♀","여긴 익선동 미담헌"
2020-09-29 21:55:40,"0901 개불","오.."
2020-09-29 22:02:11,"0414 불돗개 🐕","전 컨디션이 왜 안좋나했더니"
2020-09-29 22:02:18,"0414 불돗개 🐕","생리통이네요.."
2020-09-29 22:06:12,"Mormon Buddhist 🧎🏻‍♀","ㅠㅠㅠㅠㅠㅠㅠㅠ"
2020-09-29 22:14:16,"1021 애플하수인📲","저흰이제 해산"
2020-09-29 22:21:18,"지윤","https://twitter.com/elenic1/status/1310519755602710528?s=10"
2020-09-29 22:22:18,"0901 개불","ㅠㅜㅠㅜ"
2020-09-29 22:22:28,"지윤","언니 약 먹었어? ㅠ"
2020-09-29 22:22:32,"0901 개불","여자친구는 아예 생리전에 산부인과가서 약처방을 받더라"
2020-09-29 22:22:37,"지윤","아이고야.."
2020-09-29 22:22:38,"0901 개불","약국약은 안받는대.."
2020-09-29 22:22:51,"0901 개불","근데 약국약이 약이 더 쎈거라면서"
2020-09-29 22:22:55,"0901 개불","내성도 쉽게 생기고.."
2020-09-29 22:23:08,"Mormon Buddhist 🧎🏻‍♀","원래 그런 호르몬약은 처방약이 가장 안전하기도 하구 해서"
2020-09-29 22:23:27,"지윤","아..! 더 쎄서 내성이 생기는구나"
2020-09-29 22:23:49,"0901 개불","응 그렇다구 하더라고.."
2020-09-29 23:18:42,"Mormon Buddhist 🧎🏻‍♀","사진"
2020-09-29 23:18:43,"Mormon Buddhist 🧎🏻‍♀","저는 집도착해서"
2020-09-29 23:18:47,"Mormon Buddhist 🧎🏻‍♀","작전투입이요......"
2020-09-29 23:18:55,"지윤","세상에 벌써 투입인가요"
2020-09-29 23:21:45,"1021 애플하수인📲","헐.."
2020-09-29 23:24:51,"Mormon Buddhist 🧎🏻‍♀","네....이번 추석은 정말 일찍 시작하네요......"
2020-09-29 23:24:52,"Mormon Buddhist 🧎🏻‍♀","ㅋㅋㅋㅋㅋㅋㅋㅋㅋㅋㅋㅋㅋㅋㅋㅋ"
2020-09-29 23:26:17,"0414 불돗개 🐕","넹넹 약 먹었읍니다"
2020-09-29 23:26:20,"0414 불돗개 🐕","사진"
2020-09-29 23:26:26,"0414 불돗개 🐕","꼬치 수량만봐도"
2020-09-29 23:26:36,"0414 불돗개 🐕","아니 소쿠리 크기만 봐도,,,"
2020-09-29 23:28:24,"Mormon Buddhist 🧎🏻‍♀","계란 두판 이미 돌파"
2020-09-29 23:30:17,"0901 개불","ㄷㄷ.."
2020-09-29 23:32:20,"Mormon Buddhist 🧎🏻‍♀","그와즁에 깔린 신문지"
2020-09-29 23:32:22,"Mormon Buddhist 🧎🏻‍♀","다 조선일보야"
2020-09-29 23:32:23,"Mormon Buddhist 🧎🏻‍♀","ㅋㅋㅋㅋㅋㅋㅋㅋㅋㅋㅋㅋㅋㅋㅋㅋ"
2020-09-29 23:32:31,"Mormon Buddhist 🧎🏻‍♀","회사복지..무료신문......"
2020-09-29 23:33:58,"0414 불돗개 🐕","시간이 늦었어도"
2020-09-29 23:34:02,"0414 불돗개 🐕","이렇게 벌써 하시나요..."
2020-09-29 23:34:12,"0414 불돗개 🐕","글고 전만 하시는게 아니죠....?"
2020-09-29 23:34:43,"Mormon Buddhist 🧎🏻‍♀","생선도 하고"
2020-09-29 23:34:50,"Mormon Buddhist 🧎🏻‍♀","일단 할 수 있는 준비 다 하는즁..."
2020-09-29 23:34:55,"Mormon Buddhist 🧎🏻‍♀","나물도 오늘 손질하시는듯"
2020-09-29 23:42:00,"Mormon Buddhist 🧎🏻‍♀","어휴 김가네 대를 이을 남자가 한명밖에 없는게 정말 다행이야....누가 시집오든 정말 뜯어말리고 싶다........"
2020-09-29 23:42:25,"Mormon Buddhist 🧎🏻‍♀","다들 추석때 안전칩거 하시나요"
2020-09-29 23:42:26,"지윤","아아...자매여"
2020-09-29 23:45:46,"Mormon Buddhist 🧎🏻‍♀","5남매가 낳은 아이들 총 10명중 기이하게도 여자아이만 9명이라는 점...하늘이 살렸다......"
2020-09-29 23:45:54,"Mormon Buddhist 🧎🏻‍♀","ㅋㅋㅋㅋㅋㅋㅋㅋㅋㅋㅋㅋㅋㅋㅋㅋ"
2020-09-29 23:46:03,"Mormon Buddhist 🧎🏻‍♀","얼른 독립해서 떠나거라 나의 자매들이여...."
2020-09-29 23:46:09,"지윤","ㅋㅋㅋㅋㅋㅋㅋㅋ 이거 메갈신이 점지한거 아니노"
2020-09-29 23:46:50,"지윤","진짜 명절... 할머님 ㅠㅠ 건강상하세요"
2020-09-29 23:47:04,"Mormon Buddhist 🧎🏻‍♀","와중에 첫째인 우리아빠 둘째까지 딸이라는걸 알고 셋째에 도전..."
2020-09-29 23:47:15,"Mormon Buddhist 🧎🏻‍♀","장남코인 떡락해...셋째도 딸인걸로 밝혀져 할머니 눈물"
2020-09-29 23:47:17,"Mormon Buddhist 🧎🏻‍♀","ㅋㅋㅋㅋㅋㅋㅋㅋㅋㅋㅋㅋㅋㅋㅋㅋ"
2020-09-29 23:47:17,"지윤","그리고 셋째도 딸이었습니다"
2020-09-29 23:47:21,"지윤","ㅋㅋㅋㅋㅋㅋㅋㅋㅋㅋㅋㅋㅋㅋㅋㅋㅋ"
2020-09-29 23:48:41,"지윤","어휴"
2020-09-29 23:48:50,"지윤","아니 근데 지금 전부치면 몇시까지해...?"
2020-09-29 23:48:52,"지윤","늦었다구"
2020-09-29 23:49:23,"Mormon Buddhist 🧎🏻‍♀","아마 한 30분정도 더하면 얼추 마무리될듯해요..."
2020-09-29 23:49:28,"지윤","ㅠㅠㅠㅠㅠㅠㅠㅠ"
2020-09-29 23:49:34,"지윤","오늘 하루가 길구먼"
2020-09-29 23:49:37,"Mormon Buddhist 🧎🏻‍♀","지금 마무리로 고구마전이랑 부추전 만드는중이라"
2020-09-29 23:49:40,"Mormon Buddhist 🧎🏻‍♀","ㅋㅋㅋㅋㅋㅋㅋㅋㅋㅋㅋㅋㅋㅋㅋㅋ"
2020-09-29 23:49:45,"Mormon Buddhist 🧎🏻‍♀","정말 기나긴 하루네요..."
2020-09-29 23:49:59,"Mormon Buddhist 🧎🏻‍♀","다 끝나면 이제 기름 튄 바닥"
2020-09-29 23:50:05,"Mormon Buddhist 🧎🏻‍♀","알콜 뿌려서 싹 닦고"
2020-09-29 23:50:09,"0414 불돗개 🐕","아이고 ㅜㅜㅜㅜ"
2020-09-29 23:50:12,"Mormon Buddhist 🧎🏻‍♀","뒷정리까지하면 대략 한시반 예상..."
2020-09-29 23:50:13,"0414 불돗개 🐕","고생많으십니다 ㅠㅠ"
2020-09-29 23:50:24,"Mormon Buddhist 🧎🏻‍♀","이제는 익숙해요ㅎㅎㅎㅎㅎㅎㅎㅎ"
2020-09-29 23:50:30,"Mormon Buddhist 🧎🏻‍♀","일 다끝나고 먹는 맥주 한 캔의"
2020-09-29 23:50:32,"Mormon Buddhist 🧎🏻‍♀","시원함..."
2020-09-29 23:50:47,"0414 불돗개 🐕","ㅋㅋㅋㅋㅋㅋㅋㅋ"
2020-09-29 23:51:00,"0414 불돗개 🐕","살짝 얼려두어요,, 30분 내로 마실수있궤..."
2020-09-29 23:52:21,"지윤","아아"
2020-09-29 23:52:29,"지윤","바닥도 닦아야해 ㅠㅠㅠㅠ"
2020-09-29 23:52:34,"지윤","마자 이거 술러시"
2020-09-29 23:52:36,"지윤","맛나거덩요"
2020-09-30 00:09:46,"Mormon Buddhist 🧎🏻‍♀","작은언니 마지막 뒷정리하다 신문지에 깔린 식칼 못보고 베어서 유혈사태 발생....."
2020-09-30 00:09:49,"Mormon Buddhist 🧎🏻‍♀","ㅋㅋㅋㅋㅋㅋㅋㅋㅋㅋㅋㅋㅋㅋㅋㅋ"
2020-09-30 00:09:52,"Mormon Buddhist 🧎🏻‍♀","다이나믹 추석...."
2020-09-30 00:09:53,"지윤","헉"
2020-09-30 00:10:00,"지윤","깊게 베이셨어?"
2020-09-30 00:10:03,"지윤","아이고 ㅜㅜㅜㅜ"
2020-09-30 00:10:06,"Mormon Buddhist 🧎🏻‍♀","여러분 명절이 이렇게나 위험합니다..."
2020-09-30 00:10:07,"0414 불돗개 🐕","헐"
2020-09-30 00:10:10,"Mormon Buddhist 🧎🏻‍♀","엄청 깊게는 안베이고"
2020-09-30 00:10:12,"Mormon Buddhist 🧎🏻‍♀","다행히..."
2020-09-30 00:10:18,"지윤","유해하다"
2020-09-30 00:10:18,"0414 불돗개 🐕","ㅠㅠㅠ 아 다행이다 진짜"
2020-09-30 00:10:21,"지윤","다행이야 ㅜㅜㅜ"
2020-09-30 00:10:23,"지윤","ㅜㅜㅜㅜ"
2020-09-30 00:10:27,"지윤","놀라셨겠다"
2020-09-30 00:10:49,"0414 불돗개 🐕","지혈은 하셨어??"
2020-09-30 00:11:17,"Mormon Buddhist 🧎🏻‍♀","지혈하고"
2020-09-30 00:11:20,"Mormon Buddhist 🧎🏻‍♀","칭칭 붕대감고"
2020-09-30 00:11:22,"Mormon Buddhist 🧎🏻‍♀","ㅋㅋㅋㅋㅋㅋㅋㅋㅋㅋㅋㅋㅋㅋㅋㅋ"
2020-09-30 00:11:34,"Mormon Buddhist 🧎🏻‍♀","퇴근하고 오지마자 계속 일했다고"
2020-09-30 00:11:45,"Mormon Buddhist 🧎🏻‍♀","이대로 잠들 순 없다며 맥주 마실 준비중...."
2020-09-30 00:12:11,"지윤","ㅗㅠㅠㅠㅠㅠㅠ"
2020-09-30 00:12:22,"지윤","언니들도 다 오늘 일하셨을텐데"
2020-09-30 00:12:32,"지윤","퇴근했는데 다시 출근했습니다"
2020-09-30 00:12:34,"지윤","•••"
2020-09-30 00:12:53,"0414 불돗개 🐕","유혈사태도 막지못한 맥주타임"
2020-09-30 00:12:54,"지윤","아 첫째언니는 휴가중이지"
2020-09-30 00:12:55,"지윤","ㅋㅋㅋㅋㅋㅋ"
2020-09-30 00:13:08,"지윤","아무튼 자매끼리 오붓한 맥주타임 좋네요 ㅎㅎ"
2020-09-30 00:13:15,"0414 불돗개 🐕","있었는데요 없었습니다"
2020-09-30 00:17:38,"Mormon Buddhist 🧎🏻‍♀","ㅋㅋㅋㅋㅋㅋㅋㅋㅋㅋㅋㅋㅋㅋㅋㅋ"
2020-09-30 00:19:04,"0901 개불","이모티콘"
2020-09-30 00:42:39,"1021 애플하수인📲","명절이란.."
2020-09-30 00:42:43,"1021 애플하수인📲","누구를 위한 것인가"
2020-09-30 00:47:16,"Mormon Buddhist 🧎🏻‍♀","제사 올린걸로 후손한테 복이 온다면"
2020-09-30 00:47:24,"Mormon Buddhist 🧎🏻‍♀","우리집 솔직히 이미 건물 5채는 있어야함"
2020-09-30 00:47:25,"Mormon Buddhist 🧎🏻‍♀","ㅋㅋㅋㅋㅋㅋㅋㅋㅋㅋㅋㅋㅋㅋㅋㅋ"
2020-09-30 09:38:09,"0414 불돗개 🐕","사진"
2020-09-30 09:47:50,"0901 개불","올 춘식이"
2020-09-30 09:51:53,"Mormon Buddhist 🧎🏻‍♀","졸귀ㅠㅠㅠㅠㅠㅠㅠㅠㅠㅠㅠ"
2020-09-30 10:13:52,"지윤","춘식이 이모티콘 나왔어?"
2020-09-30 10:13:55,"지윤","귀여워짐짴ㅋㅋ"
2020-09-30 12:34:57,"지윤","어제 저녁하구 맥주 해서 22,900원 001042572630(수협)으로 부탁해욤~"
2020-09-30 13:10:05,"1021 애플하수인📲","돈 보내씁니다"
2020-09-30 13:11:15,"지윤","빠른 입금 감사합니다"
2020-09-30 13:12:04,"Mormon Buddhist 🧎🏻‍♀","보냈습니당!!"
2020-09-30 13:33:45,"지윤","감삼다"
2020-09-30 13:34:28,"지윤","사진"
2020-09-30 13:34:35,"지윤","릠들… 찻잔은 8잔인데"
2020-09-30 13:34:44,"지윤","늘 한 잔만 쓰는 자의 슬픔을 아시오"
2020-09-30 13:35:07,"지윤","스윗홈에 놀러와"
2020-09-30 13:35:26,"지윤","와서 공부만해도 좋아"
2020-09-30 13:37:20,"0414 불돗개 🐕","ㅋㅋㅋㅋㅋㅋㅋㅋㅋㅋㅋㅋㅋㅋㅋㅋㅋㅋㅋㅋㅋㅋㅋㅋㅋㅋㅋㅋㅋㅋ"
2020-09-30 13:37:45,"0414 불돗개 🐕","아 왜케 웃기지"
2020-09-30 13:37:47,"0414 불돗개 🐕","ㅋㅋㅋㅋㅋㅋㅋㅋㅋ"
2020-09-30 13:39:47,"지윤","ㅜㅜ…. 지선쓰네는 뭐해 전부쳐?"
2020-09-30 13:40:14,"0414 불돗개 🐕","ㅋㅋㅋㅋㅋ전은 어제 다녀오니 부쳐져있었읍니다 아부지가 하셨으"
2020-09-30 13:40:25,"0414 불돗개 🐕","나는 이따 저녁부터 가족행사로 드라이브가는데"
2020-09-30 13:40:39,"0414 불돗개 🐕","지금은 시간나서 보겸 주희랑 점심 먹으려구 용산가는중이야"
2020-09-30 13:40:46,"0414 불돗개 🐕","오전엔 공부하고 자전거 좀 탔구"
2020-09-30 13:40:54,"0414 불돗개 🐕","어제 생리통이 아니라 배란통이었나봐"
2020-09-30 13:43:29,"0901 개불","사진"
2020-09-30 13:43:32,"0901 개불","사진"
2020-09-30 13:43:38,"0901 개불","난 지금하는중"
2020-09-30 13:43:52,"0901 개불","엄마..우리 4명가족 먹을거라며..양이 왜이래.."
2020-09-30 13:44:39,"0414 불돗개 🐕","여기도 공장 가동이네요...?"
2020-09-30 13:44:42,"0414 불돗개 🐕","ㅋㅋㅋㅋㅋㅋㅋㅋㅋㅋㅋㅋㅋㅋ"
2020-09-30 13:45:00,"0414 불돗개 🐕","지윤네는 뭐해"
2020-09-30 13:46:55,"지윤","몸이 많이 예민해졌나보다. 원래 배란통은 없지 않았어?"
2020-09-30 13:47:05,"지윤","우리집은 동생은 여행가고, 양친은 캠핑갔어"
2020-09-30 13:47:37,"지윤","오빠네 전 사진 색감 진짜"
2020-09-30 13:47:39,"0414 불돗개 🐕","혹시 셋다 커플이시니?"
2020-09-30 13:47:39,"지윤","맛나보인다"
2020-09-30 13:47:47,"지윤","그렇지요?"
2020-09-30 13:47:48,"0414 불돗개 🐕","왜 우리 지윤이은 안데려갔어..."
2020-09-30 13:48:06,"지윤","ㅋㅋㅋ 저는….들을 강의가 좀 있어서"
2020-09-30 13:48:07,"지윤","ㅎㅎ…"
2020-09-30 13:48:26,"지윤","https://www.tumblbug.com/out_of_breath"
2020-09-30 13:48:37,"지윤","동생은 여자친구 졸업작품 만드는데 조연출로 들어가서"
2020-09-30 13:48:42,"지윤","영화를 만들었답니다"
2020-09-30 13:49:06,"지윤","넷……8명 아니구요? 저 이제 티세트 들고 가면 됩니까"
2020-09-30 13:50:27,"0414 불돗개 🐕","ㅋㅋㅋㅋㅋㅋㅋㅋㅋㅋㅋㅋㅋㅋㅋㅋㅋㅋㅋㅋㅋㅋㅋ"
2020-09-30 13:50:37,"0414 불돗개 🐕","지윤아 일단 들고 수원역에 가자"
2020-09-30 13:50:48,"0414 불돗개 🐕","오빠도 당황해서 모른척할 수 없을거야"
2020-09-30 13:51:12,"지윤","똑똑"
2020-09-30 13:53:33,"0414 불돗개 🐕","어머니 저 춘식이어요 문 좀 열어보세요"
2020-09-30 13:53:54,"지윤","(문열어준다 )"
2020-09-30 13:53:57,"지윤","속았지? ㅎㅎ"
2020-09-30 13:54:03,"지윤","바로 몸부터 들이밀고 보는데"
2020-09-30 13:56:10,"0901 개불","ㅋㅋㅋㅋㅋ춘식잌ㅋㅋㅋㅋ"
2020-09-30 14:09:36,"1021 애플하수인📲","ㅋㅋㅋㅋㅋㅋㅋㅋㅋ"
2020-09-30 16:40:19,"Mormon Buddhist 🧎🏻‍♀","찻잔 눈물..."
2020-09-30 16:40:26,"Mormon Buddhist 🧎🏻‍♀","그래도 한개라도 잘 쓰고있다니"
2020-09-30 16:40:27,"Mormon Buddhist 🧎🏻‍♀","기뻐요"
2020-09-30 16:40:29,"Mormon Buddhist 🧎🏻‍♀","이모티콘"
2020-09-30 20:18:26,"지윤","사진"
2020-09-30 20:18:32,"지윤","저는 월병을 샀습니다"
2020-09-30 20:19:36,"지윤","말도 글도 다 잊었으나 마음만은 유학생,,,"
2020-09-30 21:03:40,"0414 불돗개 🐕","ㅋㅋㅋㅋㅋㅋㅋㅋㅋㅋㅋ"
2020-09-30 21:03:44,"0414 불돗개 🐕","월병 진짜 오랜만"
2020-09-30 21:03:54,"0414 불돗개 🐕","어디서 파나요 요샌"
2020-09-30 21:05:35,"Mormon Buddhist 🧎🏻‍♀","세상에나....."
2020-09-30 21:05:39,"Mormon Buddhist 🧎🏻‍♀","너무나 추억이에요..."
2020-09-30 21:07:36,"지윤","사진 2장"
2020-09-30 21:07:41,"지윤","대림에서 샀어요 ㅎㅎ"
2020-09-30 21:08:48,"지윤","사진"
2020-09-30 21:08:58,"지윤","동생과 저녁 티타임"
2020-09-30 21:18:20,"Mormon Buddhist 🧎🏻‍♀","먹고싶다ㅠㅠㅠㅠㅠㅠㅠ"
2020-09-30 21:18:41,"Mormon Buddhist 🧎🏻‍♀","목 멕히는 맛이지만 쩐주나이차와 함께 먹던 추억의 맛"
2020-09-30 22:31:40,"Mormon Buddhist 🧎🏻‍♀","오늘 달"
2020-09-30 22:31:43,"Mormon Buddhist 🧎🏻‍♀","너무 멋지다...."
2020-09-30 22:31:47,"Mormon Buddhist 🧎🏻‍♀","다들 보셨나요........."
2020-09-30 22:44:39,"지윤","네 ㅜㅜㅜ예쁘더라구여"
2020-09-30 22:45:13,"0414 불돗개 🐕","사진"
2020-09-30 22:45:18,"0414 불돗개 🐕","휘엉청!"
2020-09-30 22:45:22,"0414 불돗개 🐕","휘영청?"
2020-09-30 22:50:48,"Mormon Buddhist 🧎🏻‍♀","언니 망원경으로 달구경하면 좋겠다!!!!!!!!!"
2020-09-30 22:50:51,"Mormon Buddhist 🧎🏻‍♀","이런날 딱이야!"
2020-09-30 23:09:44,"1021 애플하수인📲","와 달 이쁘다"
2020-10-01 00:10:17,"0414 불돗개 🐕","크크크 내일 추석 당일에 달뜨는걸"
2020-10-01 00:10:23,"0414 불돗개 🐕","망원경으로 써야겠구만"
2020-10-01 00:10:36,"0414 불돗개 🐕","지금 망원경에 내 추리닝이 걸쳐져있긴하다만"
2020-10-01 00:10:39,"0414 불돗개 🐕","껄껄"
2020-10-01 00:29:19,"지윤","강릉때 사진보니까 눈물이나네요"
2020-10-01 00:29:39,"0414 불돗개 🐕","강릉은"
2020-10-01 00:29:45,"0414 불돗개 🐕","웃겨서 눈물나던 여행 아닌가요"
2020-10-01 00:29:51,"지윤","쿵"
2020-10-01 00:29:53,"지윤","인시던트"
2020-10-01 00:30:08,"지윤","https://twitter.com/elenic1/status/1310519755602710528?s=10"
2020-10-01 00:30:16,"지윤","다음엔 이런곳..."
2020-10-01 00:30:18,"0414 불돗개 🐕","1. 기차에서 즙짜는 지윤
2. 바지 말리는 지윤
3. 진격의 거인 지윤"
2020-10-01 00:30:33,"0414 불돗개 🐕","와 저기 뭐야"
2020-10-01 00:30:35,"지윤","아아 밈을 보다 밈이 되어버린자를 아시오"
2020-10-01 00:30:38,"0414 불돗개 🐕","뭐야!!!"
2020-10-01 00:30:51,"지윤","오졌지"
2020-10-01 00:30:58,"1021 애플하수인📲","진짜"
2020-10-01 00:31:09,"1021 애플하수인📲","기차에서 그녀를 울려버렸다"
2020-10-01 00:31:23,"지윤","하도 울어서"
2020-10-01 00:31:28,"지윤","이제 뭘로 울었나 기억도 안남"
2020-10-01 00:31:30,"지윤","ㅎ.."
2020-10-01 00:33:14,"0414 불돗개 🐕","강릉역에서 내려서 먹은 중국집도 맛있었는데"
2020-10-01 00:33:16,"0414 불돗개 🐕","이모티콘"
2020-10-01 00:33:25,"지윤","마자마자 맛났지 그집"
2020-10-01 00:36:29,"Mormon Buddhist 🧎🏻‍♀","진짜 짬뽕...."
2020-10-01 00:38:57,"0414 불돗개 🐕","배고파버렸다"
2020-10-01 00:38:57,"0414 불돗개 🐕","사진"
2020-10-01 00:48:52,"1021 애플하수인📲","개배고프다"
2020-10-01 00:51:01,"Mormon Buddhist 🧎🏻‍♀","난 오늘밤도 맥주...."
2020-10-01 00:58:26,"0414 불돗개 🐕","미린.. 오늘도 고된 노동이었나요...?"
2020-10-01 00:58:33,"0414 불돗개 🐕","정연이도 뭐 좀 먹어"
2020-10-01 06:40:29,"1021 애플하수인📲","친척짖 가려고"
2020-10-01 06:40:35,"1021 애플하수인📲","일어나다니 이시간에"
2020-10-01 07:23:21,"0414 불돗개 🐕","ㅋㅋㅋㅋㅋㅋㅋ"
2020-10-01 07:23:23,"0414 불돗개 🐕","오디로가"
2020-10-01 08:11:42,"1021 애플하수인📲","미린누나 옆 동네"
2020-10-01 08:11:45,"1021 애플하수인📲","방학동"
2020-10-01 09:13:51,"Mormon Buddhist 🧎🏻‍♀","그래도 전날 많이 해둬서 나름 괜찮았어요....."
2020-10-01 09:14:11,"Mormon Buddhist 🧎🏻‍♀","방학동.....환영한다 정연아........."
2020-10-01 09:14:25,"Mormon Buddhist 🧎🏻‍♀","나는 이제 진짜 상차림할 준비....."
2020-10-01 09:35:01,"1021 애플하수인📲","ㅋㅋㅋㅋㅋㅋㅋㅋㅋㅋ"
2020-10-01 09:35:04,"1021 애플하수인📲","여기 근처 아님?"
2020-10-01 10:00:53,"Mormon Buddhist 🧎🏻‍♀","마쟈 지하철 한 두정거장 거리"
2020-10-01 10:00:54,"Mormon Buddhist 🧎🏻‍♀","ㅋㅋㅋㅋㅋㅋㅋㅋㅋㅋ"
2020-10-01 10:01:22,"0414 불돗개 🐕","ㅋㅋㅋㅋㅋㅋㅋㅋ오우"
2020-10-01 10:01:25,"0414 불돗개 🐕","근거리군"
2020-10-01 11:08:15,"1021 애플하수인📲","집가고싶다"
2020-10-01 11:08:17,"1021 애플하수인📲","제발.."
2020-10-01 11:08:45,"지윤","아직 진짜가 시작을 안한게 충격"
2020-10-01 11:27:00,"0414 불돗개 🐕","진짜가 나타난다,,,"
2020-10-01 11:27:13,"0414 불돗개 🐕","나도 평택으로 시골가는즁"
2020-10-01 11:27:15,"0414 불돗개 🐕","이모티콘"
2020-10-01 12:37:19,"1021 애플하수인📲","이모티콘"
2020-10-01 13:39:18,"0414 불돗개 🐕","동영상"
2020-10-01 13:39:24,"0414 불돗개 🐕","초면에 냥아치"
2020-10-01 15:13:27,"Mormon Buddhist 🧎🏻‍♀","너무 예뻐ㅠㅠㅠㅠ"
2020-10-01 15:47:56,"지윤","왜옹이 .."
2020-10-01 15:47:59,"지윤","너무 귀여워......."
2020-10-01 15:48:02,"지윤","귀 깨물어버리고 싶어"
2020-10-02 14:30:22,"0414 불돗개 🐕","샵검색: #트럼프"
2020-10-02 14:33:32,"지윤","오우"
2020-10-02 14:33:33,"지윤","ㅋㅋㅋㅋㅋ"
2020-10-02 14:33:35,"지윤","오우..?"
2020-10-02 14:37:08,"1021 애플하수인📲","호우"
2020-10-02 14:37:15,"1021 애플하수인📲","이렇게 되면"
2020-10-02 14:37:23,"1021 애플하수인📲","바이든도 밀접 접촉자가 되는거신가"
2020-10-02 14:47:00,"0414 불돗개 🐕","ㅋㅋㅋㅋㅋㅋㅋ"
2020-10-02 14:47:08,"0414 불돗개 🐕","다들 오늘은 뭐하고 계십니까ㅔ"
2020-10-02 14:51:00,"1021 애플하수인📲","내일 시험인데"
2020-10-02 14:51:03,"1021 애플하수인📲","집은 소란스러워"
2020-10-02 14:51:09,"1021 애플하수인📲","카페에라도 와서 공부중.."
2020-10-02 14:52:15,"Mormon Buddhist 🧎🏻‍♀","나도 카페에서 공부중,,,"
2020-10-02 14:55:11,"1021 애플하수인📲","이모티콘"
2020-10-02 14:55:43,"0414 불돗개 🐕","ㅋㅋㅋㅋㅋㅋㅋㅋㅋ"
2020-10-02 14:55:53,"0414 불돗개 🐕","나도 낮에 공부하다가 두피열 오르더라"
2020-10-02 14:55:55,"0414 불돗개 🐕","이모티콘"
2020-10-02 14:56:00,"0414 불돗개 🐕","안양은 비오기 시작"
2020-10-02 14:56:15,"0414 불돗개 🐕","지윤시 집 비나요 저녁에"
2020-10-02 14:56:41,"지윤","우리집은 어제부터 거실에 동생이랑 작업환경 조성..."
2020-10-02 14:56:54,"지윤","부모님이 비가와서 이르게 귀가하셨습니다...ㅠ"
2020-10-02 14:57:00,"지윤","밖에서 봐야할듯싶소"
2020-10-02 15:07:45,"0414 불돗개 🐕","사진 2장"
2020-10-02 15:08:02,"0414 불돗개 🐕","철산역과 인덕원역으로 중간점을 찾아보는데"
2020-10-02 15:08:08,"0414 불돗개 🐕","이름 내가 설정한거 아니다 쭈꾸미상"
2020-10-02 15:08:11,"0414 불돗개 🐕","ㅋㅋㅋㅋㅋㅋㅋㅋㅋㅋㅋㅋㅋㅋㅋㅋ"
2020-10-02 15:09:24,"1021 애플하수인📲","이름 겁나웃기넼ㅋㅋㅋㅋㅋㅋ"
2020-10-02 15:15:36,"0414 불돗개 🐕","ㅋㅋㅋㅋㅋㅋㅋㅋㅋ그칰ㅋㅋ"
2020-10-02 15:15:54,"0414 불돗개 🐕","지윤씨 할거 많으면 다음주에 만나도 됨다 우리 차주에 모여요"
2020-10-02 15:15:56,"0414 불돗개 🐕","이모티콘"
2020-10-02 15:16:02,"0414 불돗개 🐕","다들 잊지마"
2020-10-02 15:22:48,"1021 애플하수인📲","호호호"
2020-10-02 20:30:51,"Mormon Buddhist 🧎🏻‍♀","사진"
2020-10-02 20:30:56,"Mormon Buddhist 🧎🏻‍♀","강릉여행이 그리워지믄 밤이네요...."
2020-10-02 20:31:14,"Mormon Buddhist 🧎🏻‍♀","열어분..저 교육 끝나면"
2020-10-02 20:31:20,"Mormon Buddhist 🧎🏻‍♀","꼭 여행 함께가뇨"
2020-10-02 20:31:22,"Mormon Buddhist 🧎🏻‍♀","가요"
2020-10-02 20:41:11,"1021 애플하수인📲","인정입니다"
2020-10-02 22:46:21,"0414 불돗개 🐕","이모티콘"
2020-10-03 13:24:10,"0414 불돗개 🐕","혹시 오늘 서울역/광화문/시청 이쪽으로 오시는 분 계시다면 계획을 바꾸시는게 좋겠습니다,,"
2020-10-03 13:24:28,"지윤","지하철 정차 안한다던데"
2020-10-03 13:24:37,"0414 불돗개 🐕","웅 그래서 돌아가는데 집회하는데 약간 데모현장에서 도망치는 느낌이야"
2020-10-03 13:24:49,"지윤","사진"
2020-10-03 13:24:52,"지윤","진짜 이런가요"
2020-10-03 13:25:09,"지윤","정부의 강한 의지를 느껴버린.."
2020-10-03 13:27:07,"0901 개불","ㅇㅇ다막아놨대"
2020-10-03 13:27:16,"0901 개불","사진 2장"
2020-10-03 13:27:21,"0901 개불","귀여운애들 보십쇼"
2020-10-03 13:27:30,"지윤","아..아아"
2020-10-03 13:27:32,"지윤","뉘집 애들이야"
2020-10-03 13:27:38,"지윤","너무 예쁘다"
2020-10-03 13:27:45,"지윤","첫번째 사진은 구도도 너무좋다"
2020-10-03 13:29:08,"0901 개불","카페왔는데"
2020-10-03 13:29:13,"0901 개불","여기 애들이양"
2020-10-03 13:29:45,"1021 애플하수인📲","나 시청에서"
2020-10-03 13:29:47,"1021 애플하수인📲","시험봫는데"
2020-10-03 13:29:51,"1021 애플하수인📲","지하철없어서"
2020-10-03 13:29:56,"1021 애플하수인📲","빙빙 돌았음"
2020-10-03 13:29:57,"1021 애플하수인📲","ㅋㅋㅋㅋㅋㅋㅋㅋㅋㅋ"
2020-10-03 13:30:57,"지윤","ㅠ....예쁘네"
2020-10-03 13:31:36,"Mormon Buddhist 🧎🏻‍♀","눈물...."
2020-10-03 13:31:53,"0414 불돗개 🐕","ㅜㅜㅜㅜㅜㅜ 모형같애"
2020-10-03 13:31:55,"1021 애플하수인📲","또보기 싫으니"
2020-10-03 13:31:59,"1021 애플하수인📲","한번에 붙었기릉"
2020-10-03 13:32:04,"1021 애플하수인📲","기를 희망합니다"
2020-10-03 13:32:06,"0414 불돗개 🐕","사람들이 유튜브한다고 찍어대서"
2020-10-03 13:32:11,"0414 불돗개 🐕","숨어서 길가는중이야"
2020-10-03 13:32:14,"0414 불돗개 🐕","정연 수고했으"
2020-10-03 13:32:18,"0414 불돗개 🐕","다들 점심 뭐드세요"
2020-10-03 13:32:24,"지윤","좋은 결과있길 바랄게 !"
2020-10-03 13:32:41,"지윤","사진"
2020-10-03 13:32:48,"지윤","저는 천장..."
2020-10-03 13:33:24,"Mormon Buddhist 🧎🏻‍♀","저는 평택가는길이어요..."
2020-10-03 13:38:45,"1021 애플하수인📲","데이트 가시나봄요"
2020-10-03 13:38:50,"1021 애플하수인📲","이모티콘"
2020-10-03 13:41:27,"Mormon Buddhist 🧎🏻‍♀","그러하옵니다.....허허"
2020-10-03 14:00:00,"0414 불돗개 🐕","흐리게 찍은것은 흐린눈 현실고증인가요"
2020-10-03 14:17:10,"지윤","ㅋㅋㅋㅋㅋㅋ"
2020-10-03 14:17:18,"지윤","까군에게 안부 전해주세여"
2020-10-03 14:17:21,"지윤","ㅎㅎ"
2020-10-03 15:19:00,"Mormon Buddhist 🧎🏻‍♀","히히 알겠사옵니다~~~지윤이도 안락하고 평온한 주말~~~"
